time,sample,environment,condition,cell_type,dist_pct,count
24,1,Basal,Control,MRC5,5,4
24,1,Basal,Control,MRC5,15,9
24,1,Basal,Control,MRC5,25,10
24,1,Basal,Control,MRC5,35,23
24,1,Basal,Control,MRC5,45,30
24,1,Basal,Control,MRC5,55,37
24,1,Basal,Control,MRC5,65,37
24,1,Basal,Control,MRC5,75,37
24,1,Basal,Control,MRC5,85,42
24,1,Basal,Control,MRC5,95,28
24,1,Basal,Control,MRC5,105,14
24,1,Basal,Control,MRC5,115,1
24,1,Basal,Control,MRC5,125,0
24,1,Basal,Control,A549,5,9
24,1,Basal,Control,A549,15,19
24,1,Basal,Control,A549,25,34
24,1,Basal,Control,A549,35,45
24,1,Basal,Control,A549,45,46
24,1,Basal,Control,A549,55,67
24,1,Basal,Control,A549,65,77
24,1,Basal,Control,A549,75,99
24,1,Basal,Control,A549,85,118
24,1,Basal,Control,A549,95,75
24,1,Basal,Control,A549,105,38
24,1,Basal,Control,A549,115,3
24,1,Basal,Control,A549,125,0
24,2,Basal,Resting,MRC5,5,3
24,2,Basal,Resting,MRC5,15,9
24,2,Basal,Resting,MRC5,25,9
24,2,Basal,Resting,MRC5,35,18
24,2,Basal,Resting,MRC5,45,21
24,2,Basal,Resting,MRC5,55,23
24,2,Basal,Resting,MRC5,65,25
24,2,Basal,Resting,MRC5,75,27
24,2,Basal,Resting,MRC5,85,26
24,2,Basal,Resting,MRC5,95,19
24,2,Basal,Resting,MRC5,105,1
24,2,Basal,Resting,MRC5,115,0
24,2,Basal,Resting,MRC5,125,0
24,2,Basal,Resting,A549,5,9
24,2,Basal,Resting,A549,15,24
24,2,Basal,Resting,A549,25,54
24,2,Basal,Resting,A549,35,65
24,2,Basal,Resting,A549,45,98
24,2,Basal,Resting,A549,55,112
24,2,Basal,Resting,A549,65,129
24,2,Basal,Resting,A549,75,134
24,2,Basal,Resting,A549,85,173
24,2,Basal,Resting,A549,95,136
24,2,Basal,Resting,A549,105,38
24,2,Basal,Resting,A549,115,1
24,2,Basal,Resting,A549,125,0
24,2,Basal,Resting,PBMC,5,6
24,2,Basal,Resting,PBMC,15,21
24,2,Basal,Resting,PBMC,25,32
24,2,Basal,Resting,PBMC,35,39
24,2,Basal,Resting,PBMC,45,47
24,2,Basal,Resting,PBMC,55,57
24,2,Basal,Resting,PBMC,65,73
24,2,Basal,Resting,PBMC,75,83
24,2,Basal,Resting,PBMC,85,107
24,2,Basal,Resting,PBMC,95,114
24,2,Basal,Resting,PBMC,105,17
24,2,Basal,Resting,PBMC,115,1
24,2,Basal,Resting,PBMC,125,0
24,3,Basal,Activated,MRC5,5,2
24,3,Basal,Activated,MRC5,15,6
24,3,Basal,Activated,MRC5,25,12
24,3,Basal,Activated,MRC5,35,20
24,3,Basal,Activated,MRC5,45,36
24,3,Basal,Activated,MRC5,55,38
24,3,Basal,Activated,MRC5,65,33
24,3,Basal,Activated,MRC5,75,40
24,3,Basal,Activated,MRC5,85,44
24,3,Basal,Activated,MRC5,95,20
24,3,Basal,Activated,MRC5,105,10
24,3,Basal,Activated,MRC5,115,0
24,3,Basal,Activated,MRC5,125,0
24,3,Basal,Activated,A549,5,9
24,3,Basal,Activated,A549,15,29
24,3,Basal,Activated,A549,25,40
24,3,Basal,Activated,A549,35,58
24,3,Basal,Activated,A549,45,76
24,3,Basal,Activated,A549,55,81
24,3,Basal,Activated,A549,65,87
24,3,Basal,Activated,A549,75,116
24,3,Basal,Activated,A549,85,104
24,3,Basal,Activated,A549,95,84
24,3,Basal,Activated,A549,105,50
24,3,Basal,Activated,A549,115,3
24,3,Basal,Activated,A549,125,0
24,3,Basal,Activated,PBMC,5,4
24,3,Basal,Activated,PBMC,15,11
24,3,Basal,Activated,PBMC,25,27
24,3,Basal,Activated,PBMC,35,39
24,3,Basal,Activated,PBMC,45,60
24,3,Basal,Activated,PBMC,55,53
24,3,Basal,Activated,PBMC,65,71
24,3,Basal,Activated,PBMC,75,85
24,3,Basal,Activated,PBMC,85,90
24,3,Basal,Activated,PBMC,95,63
24,3,Basal,Activated,PBMC,105,19
24,3,Basal,Activated,PBMC,115,1
24,3,Basal,Activated,PBMC,125,0
24,4,Inflammatory,Control,MRC5,5,1
24,4,Inflammatory,Control,MRC5,15,7
24,4,Inflammatory,Control,MRC5,25,8
24,4,Inflammatory,Control,MRC5,35,13
24,4,Inflammatory,Control,MRC5,45,22
24,4,Inflammatory,Control,MRC5,55,24
24,4,Inflammatory,Control,MRC5,65,23
24,4,Inflammatory,Control,MRC5,75,32
24,4,Inflammatory,Control,MRC5,85,27
24,4,Inflammatory,Control,MRC5,95,11
24,4,Inflammatory,Control,MRC5,105,1
24,4,Inflammatory,Control,MRC5,115,0
24,4,Inflammatory,Control,MRC5,125,0
24,4,Inflammatory,Control,A549,5,10
24,4,Inflammatory,Control,A549,15,26
24,4,Inflammatory,Control,A549,25,48
24,4,Inflammatory,Control,A549,35,52
24,4,Inflammatory,Control,A549,45,71
24,4,Inflammatory,Control,A549,55,89
24,4,Inflammatory,Control,A549,65,102
24,4,Inflammatory,Control,A549,75,123
24,4,Inflammatory,Control,A549,85,130
24,4,Inflammatory,Control,A549,95,57
24,4,Inflammatory,Control,A549,105,9
24,4,Inflammatory,Control,A549,115,0
24,4,Inflammatory,Control,A549,125,0
24,5,Inflammatory,Resting,MRC5,5,2
24,5,Inflammatory,Resting,MRC5,15,9
24,5,Inflammatory,Resting,MRC5,25,18
24,5,Inflammatory,Resting,MRC5,35,27
24,5,Inflammatory,Resting,MRC5,45,31
24,5,Inflammatory,Resting,MRC5,55,40
24,5,Inflammatory,Resting,MRC5,65,53
24,5,Inflammatory,Resting,MRC5,75,65
24,5,Inflammatory,Resting,MRC5,85,26
24,5,Inflammatory,Resting,MRC5,95,5
24,5,Inflammatory,Resting,MRC5,105,1
24,5,Inflammatory,Resting,MRC5,115,0
24,5,Inflammatory,Resting,MRC5,125,0
24,5,Inflammatory,Resting,A549,5,7
24,5,Inflammatory,Resting,A549,15,15
24,5,Inflammatory,Resting,A549,25,26
24,5,Inflammatory,Resting,A549,35,43
24,5,Inflammatory,Resting,A549,45,49
24,5,Inflammatory,Resting,A549,55,67
24,5,Inflammatory,Resting,A549,65,94
24,5,Inflammatory,Resting,A549,75,115
24,5,Inflammatory,Resting,A549,85,86
24,5,Inflammatory,Resting,A549,95,57
24,5,Inflammatory,Resting,A549,105,11
24,5,Inflammatory,Resting,A549,115,0
24,5,Inflammatory,Resting,A549,125,0
24,5,Inflammatory,Resting,PBMC,5,13
24,5,Inflammatory,Resting,PBMC,15,23
24,5,Inflammatory,Resting,PBMC,25,45
24,5,Inflammatory,Resting,PBMC,35,81
24,5,Inflammatory,Resting,PBMC,45,123
24,5,Inflammatory,Resting,PBMC,55,141
24,5,Inflammatory,Resting,PBMC,65,170
24,5,Inflammatory,Resting,PBMC,75,245
24,5,Inflammatory,Resting,PBMC,85,179
24,5,Inflammatory,Resting,PBMC,95,106
24,5,Inflammatory,Resting,PBMC,105,17
24,5,Inflammatory,Resting,PBMC,115,1
24,5,Inflammatory,Resting,PBMC,125,4
24,6,Inflammatory,Activated,MRC5,5,12
24,6,Inflammatory,Activated,MRC5,15,19
24,6,Inflammatory,Activated,MRC5,25,40
24,6,Inflammatory,Activated,MRC5,35,54
24,6,Inflammatory,Activated,MRC5,45,88
24,6,Inflammatory,Activated,MRC5,55,103
24,6,Inflammatory,Activated,MRC5,65,134
24,6,Inflammatory,Activated,MRC5,75,126
24,6,Inflammatory,Activated,MRC5,85,88
24,6,Inflammatory,Activated,MRC5,95,8
24,6,Inflammatory,Activated,MRC5,105,0
24,6,Inflammatory,Activated,MRC5,115,0
24,6,Inflammatory,Activated,MRC5,125,0
24,6,Inflammatory,Activated,A549,5,11
24,6,Inflammatory,Activated,A549,15,26
24,6,Inflammatory,Activated,A549,25,67
24,6,Inflammatory,Activated,A549,35,84
24,6,Inflammatory,Activated,A549,45,116
24,6,Inflammatory,Activated,A549,55,147
24,6,Inflammatory,Activated,A549,65,173
24,6,Inflammatory,Activated,A549,75,210
24,6,Inflammatory,Activated,A549,85,230
24,6,Inflammatory,Activated,A549,95,35
24,6,Inflammatory,Activated,A549,105,0
24,6,Inflammatory,Activated,A549,115,0
24,6,Inflammatory,Activated,A549,125,3
24,6,Inflammatory,Activated,PBMC,5,8
24,6,Inflammatory,Activated,PBMC,15,22
24,6,Inflammatory,Activated,PBMC,25,51
24,6,Inflammatory,Activated,PBMC,35,61
24,6,Inflammatory,Activated,PBMC,45,95
24,6,Inflammatory,Activated,PBMC,55,116
24,6,Inflammatory,Activated,PBMC,65,227
24,6,Inflammatory,Activated,PBMC,75,347
24,6,Inflammatory,Activated,PBMC,85,356
24,6,Inflammatory,Activated,PBMC,95,66
24,6,Inflammatory,Activated,PBMC,105,2
24,6,Inflammatory,Activated,PBMC,115,2
24,6,Inflammatory,Activated,PBMC,125,3
48,1,Basal,Control,MRC5,5,1
48,1,Basal,Control,MRC5,15,5
48,1,Basal,Control,MRC5,25,6
48,1,Basal,Control,MRC5,35,10
48,1,Basal,Control,MRC5,45,23
48,1,Basal,Control,MRC5,55,18
48,1,Basal,Control,MRC5,65,24
48,1,Basal,Control,MRC5,75,24
48,1,Basal,Control,MRC5,85,23
48,1,Basal,Control,MRC5,95,15
48,1,Basal,Control,MRC5,105,5
48,1,Basal,Control,MRC5,115,2
48,1,Basal,Control,MRC5,125,0
48,1,Basal,Control,A549,5,4
48,1,Basal,Control,A549,15,13
48,1,Basal,Control,A549,25,16
48,1,Basal,Control,A549,35,36
48,1,Basal,Control,A549,45,41
48,1,Basal,Control,A549,55,50
48,1,Basal,Control,A549,65,59
48,1,Basal,Control,A549,75,65
48,1,Basal,Control,A549,85,63
48,1,Basal,Control,A549,95,70
48,1,Basal,Control,A549,105,28
48,1,Basal,Control,A549,115,5
48,1,Basal,Control,A549,125,4
48,2,Basal,Resting,MRC5,5,3
48,2,Basal,Resting,MRC5,15,9
48,2,Basal,Resting,MRC5,25,15
48,2,Basal,Resting,MRC5,35,20
48,2,Basal,Resting,MRC5,45,20
48,2,Basal,Resting,MRC5,55,24
48,2,Basal,Resting,MRC5,65,25
48,2,Basal,Resting,MRC5,75,40
48,2,Basal,Resting,MRC5,85,40
48,2,Basal,Resting,MRC5,95,7
48,2,Basal,Resting,MRC5,105,4
48,2,Basal,Resting,MRC5,115,1
48,2,Basal,Resting,MRC5,125,0
48,2,Basal,Resting,A549,5,5
48,2,Basal,Resting,A549,15,14
48,2,Basal,Resting,A549,25,22
48,2,Basal,Resting,A549,35,32
48,2,Basal,Resting,A549,45,40
48,2,Basal,Resting,A549,55,50
48,2,Basal,Resting,A549,65,54
48,2,Basal,Resting,A549,75,85
48,2,Basal,Resting,A549,85,109
48,2,Basal,Resting,A549,95,104
48,2,Basal,Resting,A549,105,40
48,2,Basal,Resting,A549,115,4
48,2,Basal,Resting,A549,125,1
48,2,Basal,Resting,PBMC,5,10
48,2,Basal,Resting,PBMC,15,30
48,2,Basal,Resting,PBMC,25,46
48,2,Basal,Resting,PBMC,35,69
48,2,Basal,Resting,PBMC,45,84
48,2,Basal,Resting,PBMC,55,98
48,2,Basal,Resting,PBMC,65,119
48,2,Basal,Resting,PBMC,75,115
48,2,Basal,Resting,PBMC,85,170
48,2,Basal,Resting,PBMC,95,140
48,2,Basal,Resting,PBMC,105,54
48,2,Basal,Resting,PBMC,115,1
48,2,Basal,Resting,PBMC,125,0
48,3,Basal,Activated,MRC5,5,0
48,3,Basal,Activated,MRC5,15,1
48,3,Basal,Activated,MRC5,25,4
48,3,Basal,Activated,MRC5,35,10
48,3,Basal,Activated,MRC5,45,16
48,3,Basal,Activated,MRC5,55,22
48,3,Basal,Activated,MRC5,65,24
48,3,Basal,Activated,MRC5,75,33
48,3,Basal,Activated,MRC5,85,23
48,3,Basal,Activated,MRC5,95,11
48,3,Basal,Activated,MRC5,105,7
48,3,Basal,Activated,MRC5,115,0
48,3,Basal,Activated,MRC5,125,0
48,3,Basal,Activated,A549,5,3
48,3,Basal,Activated,A549,15,19
48,3,Basal,Activated,A549,25,25
48,3,Basal,Activated,A549,35,49
48,3,Basal,Activated,A549,45,72
48,3,Basal,Activated,A549,55,94
48,3,Basal,Activated,A549,65,131
48,3,Basal,Activated,A549,75,143
48,3,Basal,Activated,A549,85,183
48,3,Basal,Activated,A549,95,143
48,3,Basal,Activated,A549,105,83
48,3,Basal,Activated,A549,115,3
48,3,Basal,Activated,A549,125,0
48,3,Basal,Activated,PBMC,5,8
48,3,Basal,Activated,PBMC,15,23
48,3,Basal,Activated,PBMC,25,35
48,3,Basal,Activated,PBMC,35,58
48,3,Basal,Activated,PBMC,45,63
48,3,Basal,Activated,PBMC,55,80
48,3,Basal,Activated,PBMC,65,92
48,3,Basal,Activated,PBMC,75,95
48,3,Basal,Activated,PBMC,85,72
48,3,Basal,Activated,PBMC,95,68
48,3,Basal,Activated,PBMC,105,29
48,3,Basal,Activated,PBMC,115,3
48,3,Basal,Activated,PBMC,125,0
48,4,Inflammatory,Control,MRC5,5,2
48,4,Inflammatory,Control,MRC5,15,4
48,4,Inflammatory,Control,MRC5,25,21
48,4,Inflammatory,Control,MRC5,35,19
48,4,Inflammatory,Control,MRC5,45,21
48,4,Inflammatory,Control,MRC5,55,24
48,4,Inflammatory,Control,MRC5,65,26
48,4,Inflammatory,Control,MRC5,75,42
48,4,Inflammatory,Control,MRC5,85,37
48,4,Inflammatory,Control,MRC5,95,13
48,4,Inflammatory,Control,MRC5,105,2
48,4,Inflammatory,Control,MRC5,115,0
48,4,Inflammatory,Control,MRC5,125,0
48,4,Inflammatory,Control,A549,5,8
48,4,Inflammatory,Control,A549,15,15
48,4,Inflammatory,Control,A549,25,27
48,4,Inflammatory,Control,A549,35,45
48,4,Inflammatory,Control,A549,45,50
48,4,Inflammatory,Control,A549,55,61
48,4,Inflammatory,Control,A549,65,75
48,4,Inflammatory,Control,A549,75,91
48,4,Inflammatory,Control,A549,85,103
48,4,Inflammatory,Control,A549,95,114
48,4,Inflammatory,Control,A549,105,17
48,4,Inflammatory,Control,A549,115,0
48,4,Inflammatory,Control,A549,125,0
48,5,Inflammatory,Resting,MRC5,5,3
48,5,Inflammatory,Resting,MRC5,15,9
48,5,Inflammatory,Resting,MRC5,25,17
48,5,Inflammatory,Resting,MRC5,35,17
48,5,Inflammatory,Resting,MRC5,45,23
48,5,Inflammatory,Resting,MRC5,55,37
48,5,Inflammatory,Resting,MRC5,65,43
48,5,Inflammatory,Resting,MRC5,75,39
48,5,Inflammatory,Resting,MRC5,85,38
48,5,Inflammatory,Resting,MRC5,95,23
48,5,Inflammatory,Resting,MRC5,105,8
48,5,Inflammatory,Resting,MRC5,115,0
48,5,Inflammatory,Resting,MRC5,125,0
48,5,Inflammatory,Resting,A549,5,10
48,5,Inflammatory,Resting,A549,15,17
48,5,Inflammatory,Resting,A549,25,32
48,5,Inflammatory,Resting,A549,35,33
48,5,Inflammatory,Resting,A549,45,57
48,5,Inflammatory,Resting,A549,55,66
48,5,Inflammatory,Resting,A549,65,72
48,5,Inflammatory,Resting,A549,75,102
48,5,Inflammatory,Resting,A549,85,97
48,5,Inflammatory,Resting,A549,95,94
48,5,Inflammatory,Resting,A549,105,44
48,5,Inflammatory,Resting,A549,115,5
48,5,Inflammatory,Resting,A549,125,0
48,5,Inflammatory,Resting,PBMC,5,8
48,5,Inflammatory,Resting,PBMC,15,20
48,5,Inflammatory,Resting,PBMC,25,34
48,5,Inflammatory,Resting,PBMC,35,45
48,5,Inflammatory,Resting,PBMC,45,46
48,5,Inflammatory,Resting,PBMC,55,78
48,5,Inflammatory,Resting,PBMC,65,78
48,5,Inflammatory,Resting,PBMC,75,108
48,5,Inflammatory,Resting,PBMC,85,103
48,5,Inflammatory,Resting,PBMC,95,122
48,5,Inflammatory,Resting,PBMC,105,56
48,5,Inflammatory,Resting,PBMC,115,12
48,5,Inflammatory,Resting,PBMC,125,0
48,6,Inflammatory,Activated,MRC5,5,1
48,6,Inflammatory,Activated,MRC5,15,13
48,6,Inflammatory,Activated,MRC5,25,15
48,6,Inflammatory,Activated,MRC5,35,31
48,6,Inflammatory,Activated,MRC5,45,22
48,6,Inflammatory,Activated,MRC5,55,34
48,6,Inflammatory,Activated,MRC5,65,28
48,6,Inflammatory,Activated,MRC5,75,39
48,6,Inflammatory,Activated,MRC5,85,41
48,6,Inflammatory,Activated,MRC5,95,14
48,6,Inflammatory,Activated,MRC5,105,1
48,6,Inflammatory,Activated,MRC5,115,0
48,6,Inflammatory,Activated,MRC5,125,0
48,6,Inflammatory,Activated,A549,5,5
48,6,Inflammatory,Activated,A549,15,15
48,6,Inflammatory,Activated,A549,25,38
48,6,Inflammatory,Activated,A549,35,43
48,6,Inflammatory,Activated,A549,45,73
48,6,Inflammatory,Activated,A549,55,80
48,6,Inflammatory,Activated,A549,65,105
48,6,Inflammatory,Activated,A549,75,116
48,6,Inflammatory,Activated,A549,85,132
48,6,Inflammatory,Activated,A549,95,142
48,6,Inflammatory,Activated,A549,105,41
48,6,Inflammatory,Activated,A549,115,1
48,6,Inflammatory,Activated,A549,125,2
48,6,Inflammatory,Activated,PBMC,5,9
48,6,Inflammatory,Activated,PBMC,15,21
48,6,Inflammatory,Activated,PBMC,25,29
48,6,Inflammatory,Activated,PBMC,35,60
48,6,Inflammatory,Activated,PBMC,45,63
48,6,Inflammatory,Activated,PBMC,55,67
48,6,Inflammatory,Activated,PBMC,65,87
48,6,Inflammatory,Activated,PBMC,75,96
48,6,Inflammatory,Activated,PBMC,85,99
48,6,Inflammatory,Activated,PBMC,95,65
48,6,Inflammatory,Activated,PBMC,105,28
48,6,Inflammatory,Activated,PBMC,115,1
48,6,Inflammatory,Activated,PBMC,125,2
96,1,Basal,Control,MRC5,5,2
96,1,Basal,Control,MRC5,15,1
96,1,Basal,Control,MRC5,25,7
96,1,Basal,Control,MRC5,35,5
96,1,Basal,Control,MRC5,45,9
96,1,Basal,Control,MRC5,55,6
96,1,Basal,Control,MRC5,65,9
96,1,Basal,Control,MRC5,75,5
96,1,Basal,Control,MRC5,85,12
96,1,Basal,Control,MRC5,95,14
96,1,Basal,Control,MRC5,105,9
96,1,Basal,Control,MRC5,115,14
96,1,Basal,Control,MRC5,125,12
96,1,Basal,Control,A549,5,4
96,1,Basal,Control,A549,15,7
96,1,Basal,Control,A549,25,16
96,1,Basal,Control,A549,35,22
96,1,Basal,Control,A549,45,36
96,1,Basal,Control,A549,55,42
96,1,Basal,Control,A549,65,39
96,1,Basal,Control,A549,75,34
96,1,Basal,Control,A549,85,49
96,1,Basal,Control,A549,95,48
96,1,Basal,Control,A549,105,54
96,1,Basal,Control,A549,115,58
96,1,Basal,Control,A549,125,50
96,2,Basal,Resting,MRC5,5,4
96,2,Basal,Resting,MRC5,15,16
96,2,Basal,Resting,MRC5,25,28
96,2,Basal,Resting,MRC5,35,33
96,2,Basal,Resting,MRC5,45,56
96,2,Basal,Resting,MRC5,55,59
96,2,Basal,Resting,MRC5,65,59
96,2,Basal,Resting,MRC5,75,76
96,2,Basal,Resting,MRC5,85,80
96,2,Basal,Resting,MRC5,95,81
96,2,Basal,Resting,MRC5,105,15
96,2,Basal,Resting,MRC5,115,4
96,2,Basal,Resting,MRC5,125,2
96,2,Basal,Resting,A549,5,6
96,2,Basal,Resting,A549,15,17
96,2,Basal,Resting,A549,25,42
96,2,Basal,Resting,A549,35,42
96,2,Basal,Resting,A549,45,62
96,2,Basal,Resting,A549,55,82
96,2,Basal,Resting,A549,65,88
96,2,Basal,Resting,A549,75,91
96,2,Basal,Resting,A549,85,124
96,2,Basal,Resting,A549,95,96
96,2,Basal,Resting,A549,105,26
96,2,Basal,Resting,A549,115,4
96,2,Basal,Resting,A549,125,0
96,2,Basal,Resting,PBMC,5,4
96,2,Basal,Resting,PBMC,15,20
96,2,Basal,Resting,PBMC,25,40
96,2,Basal,Resting,PBMC,35,54
96,2,Basal,Resting,PBMC,45,62
96,2,Basal,Resting,PBMC,55,93
96,2,Basal,Resting,PBMC,65,113
96,2,Basal,Resting,PBMC,75,117
96,2,Basal,Resting,PBMC,85,127
96,2,Basal,Resting,PBMC,95,142
96,2,Basal,Resting,PBMC,105,26
96,2,Basal,Resting,PBMC,115,1
96,2,Basal,Resting,PBMC,125,2
96,3,Basal,Activated,MRC5,5,6
96,3,Basal,Activated,MRC5,15,12
96,3,Basal,Activated,MRC5,25,15
96,3,Basal,Activated,MRC5,35,21
96,3,Basal,Activated,MRC5,45,30
96,3,Basal,Activated,MRC5,55,34
96,3,Basal,Activated,MRC5,65,39
96,3,Basal,Activated,MRC5,75,45
96,3,Basal,Activated,MRC5,85,32
96,3,Basal,Activated,MRC5,95,13
96,3,Basal,Activated,MRC5,105,7
96,3,Basal,Activated,MRC5,115,0
96,3,Basal,Activated,MRC5,125,0
96,3,Basal,Activated,A549,5,6
96,3,Basal,Activated,A549,15,20
96,3,Basal,Activated,A549,25,36
96,3,Basal,Activated,A549,35,42
96,3,Basal,Activated,A549,45,62
96,3,Basal,Activated,A549,55,68
96,3,Basal,Activated,A549,65,84
96,3,Basal,Activated,A549,75,87
96,3,Basal,Activated,A549,85,109
96,3,Basal,Activated,A549,95,85
96,3,Basal,Activated,A549,105,41
96,3,Basal,Activated,A549,115,1
96,3,Basal,Activated,A549,125,0
96,3,Basal,Activated,PBMC,5,8
96,3,Basal,Activated,PBMC,15,30
96,3,Basal,Activated,PBMC,25,40
96,3,Basal,Activated,PBMC,35,57
96,3,Basal,Activated,PBMC,45,73
96,3,Basal,Activated,PBMC,55,94
96,3,Basal,Activated,PBMC,65,86
96,3,Basal,Activated,PBMC,75,93
96,3,Basal,Activated,PBMC,85,100
96,3,Basal,Activated,PBMC,95,60
96,3,Basal,Activated,PBMC,105,33
96,3,Basal,Activated,PBMC,115,2
96,3,Basal,Activated,PBMC,125,0
96,4,Inflammatory,Control,MRC5,5,3
96,4,Inflammatory,Control,MRC5,15,17
96,4,Inflammatory,Control,MRC5,25,25
96,4,Inflammatory,Control,MRC5,35,35
96,4,Inflammatory,Control,MRC5,45,55
96,4,Inflammatory,Control,MRC5,55,61
96,4,Inflammatory,Control,MRC5,65,57
96,4,Inflammatory,Control,MRC5,75,45
96,4,Inflammatory,Control,MRC5,85,22
96,4,Inflammatory,Control,MRC5,95,6
96,4,Inflammatory,Control,MRC5,105,0
96,4,Inflammatory,Control,MRC5,115,0
96,4,Inflammatory,Control,MRC5,125,0
96,4,Inflammatory,Control,A549,5,6
96,4,Inflammatory,Control,A549,15,28
96,4,Inflammatory,Control,A549,25,47
96,4,Inflammatory,Control,A549,35,67
96,4,Inflammatory,Control,A549,45,88
96,4,Inflammatory,Control,A549,55,112
96,4,Inflammatory,Control,A549,65,138
96,4,Inflammatory,Control,A549,75,141
96,4,Inflammatory,Control,A549,85,169
96,4,Inflammatory,Control,A549,95,137
96,4,Inflammatory,Control,A549,105,8
96,4,Inflammatory,Control,A549,115,0
96,4,Inflammatory,Control,A549,125,0
96,5,Inflammatory,Resting,MRC5,5,0
96,5,Inflammatory,Resting,MRC5,15,0
96,5,Inflammatory,Resting,MRC5,25,0
96,5,Inflammatory,Resting,MRC5,35,1
96,5,Inflammatory,Resting,MRC5,45,0
96,5,Inflammatory,Resting,MRC5,55,1
96,5,Inflammatory,Resting,MRC5,65,6
96,5,Inflammatory,Resting,MRC5,75,2
96,5,Inflammatory,Resting,MRC5,85,9
96,5,Inflammatory,Resting,MRC5,95,5
96,5,Inflammatory,Resting,MRC5,105,4
96,5,Inflammatory,Resting,MRC5,115,5
96,5,Inflammatory,Resting,MRC5,125,6
96,5,Inflammatory,Resting,A549,5,0
96,5,Inflammatory,Resting,A549,15,0
96,5,Inflammatory,Resting,A549,25,0
96,5,Inflammatory,Resting,A549,35,4
96,5,Inflammatory,Resting,A549,45,3
96,5,Inflammatory,Resting,A549,55,9
96,5,Inflammatory,Resting,A549,65,21
96,5,Inflammatory,Resting,A549,75,25
96,5,Inflammatory,Resting,A549,85,24
96,5,Inflammatory,Resting,A549,95,20
96,5,Inflammatory,Resting,A549,105,26
96,5,Inflammatory,Resting,A549,115,28
96,5,Inflammatory,Resting,A549,125,35
96,5,Inflammatory,Resting,PBMC,5,0
96,5,Inflammatory,Resting,PBMC,15,0
96,5,Inflammatory,Resting,PBMC,25,0
96,5,Inflammatory,Resting,PBMC,35,3
96,5,Inflammatory,Resting,PBMC,45,11
96,5,Inflammatory,Resting,PBMC,55,11
96,5,Inflammatory,Resting,PBMC,65,17
96,5,Inflammatory,Resting,PBMC,75,25
96,5,Inflammatory,Resting,PBMC,85,25
96,5,Inflammatory,Resting,PBMC,95,31
96,5,Inflammatory,Resting,PBMC,105,35
96,5,Inflammatory,Resting,PBMC,115,39
96,5,Inflammatory,Resting,PBMC,125,51
96,6,Inflammatory,Activated,MRC5,5,3
96,6,Inflammatory,Activated,MRC5,15,6
96,6,Inflammatory,Activated,MRC5,25,17
96,6,Inflammatory,Activated,MRC5,35,20
96,6,Inflammatory,Activated,MRC5,45,28
96,6,Inflammatory,Activated,MRC5,55,27
96,6,Inflammatory,Activated,MRC5,65,35
96,6,Inflammatory,Activated,MRC5,75,39
96,6,Inflammatory,Activated,MRC5,85,36
96,6,Inflammatory,Activated,MRC5,95,27
96,6,Inflammatory,Activated,MRC5,105,4
96,6,Inflammatory,Activated,MRC5,115,0
96,6,Inflammatory,Activated,MRC5,125,0
96,6,Inflammatory,Activated,A549,5,9
96,6,Inflammatory,Activated,A549,15,12
96,6,Inflammatory,Activated,A549,25,26
96,6,Inflammatory,Activated,A549,35,42
96,6,Inflammatory,Activated,A549,45,61
96,6,Inflammatory,Activated,A549,55,74
96,6,Inflammatory,Activated,A549,65,92
96,6,Inflammatory,Activated,A549,75,114
96,6,Inflammatory,Activated,A549,85,114
96,6,Inflammatory,Activated,A549,95,84
96,6,Inflammatory,Activated,A549,105,19
96,6,Inflammatory,Activated,A549,115,0
96,6,Inflammatory,Activated,A549,125,0
96,6,Inflammatory,Activated,PBMC,5,6
96,6,Inflammatory,Activated,PBMC,15,23
96,6,Inflammatory,Activated,PBMC,25,29
96,6,Inflammatory,Activated,PBMC,35,38
96,6,Inflammatory,Activated,PBMC,45,55
96,6,Inflammatory,Activated,PBMC,55,70
96,6,Inflammatory,Activated,PBMC,65,89
96,6,Inflammatory,Activated,PBMC,75,75
96,6,Inflammatory,Activated,PBMC,85,129
96,6,Inflammatory,Activated,PBMC,95,101
96,6,Inflammatory,Activated,PBMC,105,11
96,6,Inflammatory,Activated,PBMC,115,0
96,6,Inflammatory,Activated,PBMC,125,0
