cytokine,environment,pbmc,time,donor,value
CCL11,Basal,Activated,24,1.0,38.7631584959315
CCL11,Basal,Activated,24,2.0,26.0415003619755
CCL11,Basal,Activated,24,3.0,34.5394200007851
CCL11,Basal,Activated,24,4.0,42.9727385273988
CCL11,Basal,Activated,48,1.0,47.1696332683726
CCL11,Basal,Activated,48,2.0,51.3550411175614
CCL11,Basal,Activated,48,3.0,42.9727385273988
CCL11,Basal,Activated,48,4.0,59.6952147311297
CCL11,Basal,Activated,96,1.0,92.7388981801479
CCL11,Basal,Activated,96,2.0,72.1397376064119
CCL11,Basal,Activated,96,3.0,34.5394200007851
CCL11,Basal,Activated,96,4.0,84.5181405196097
CCL11,Basal,None,24,,37.5855302114404
CCL11,Basal,None,48,,44.0118644001672
CCL11,Basal,None,96,,63.31662823764215
CCL11,Basal,Resting,24,1.0,21.7616730040628
CCL11,Basal,Resting,24,2.0,30.2996687983961
CCL11,Basal,Resting,24,3.0,17.4555790418545
CCL11,Basal,Resting,24,4.0,34.5394200007851
CCL11,Basal,Resting,48,1.0,72.1397376064119
CCL11,Basal,Resting,48,2.0,72.1397376064119
CCL11,Basal,Resting,48,3.0,47.1696332683726
CCL11,Basal,Resting,48,4.0,47.1696332683726
CCL11,Basal,Resting,96,1.0,100.937239195891
CCL11,Basal,Resting,96,2.0,72.1397376064119
CCL11,Basal,Resting,96,3.0,51.3550411175614
CCL11,Basal,Resting,96,4.0,57.6137450414592
CCL11,Inflammatory,Activated,24,1.0,84.5181405196097
CCL11,Inflammatory,Activated,24,2.0,47.1696332683726
CCL11,Inflammatory,Activated,24,3.0,47.1696332683726
CCL11,Inflammatory,Activated,24,4.0,5.96250571559214
CCL11,Inflammatory,Activated,48,1.0,80.3986464128026
CCL11,Inflammatory,Activated,48,2.0,92.7388981801479
CCL11,Inflammatory,Activated,48,3.0,28.1730651643952
CCL11,Inflammatory,Activated,48,4.0,30.2996687983961
CCL11,Inflammatory,Activated,96,1.0,42.9727385273988
CCL11,Inflammatory,Activated,96,2.0,96.8407419343925
CCL11,Inflammatory,Activated,96,3.0,63.8515327587828
CCL11,Inflammatory,Activated,96,4.0,86.5755510087886
CCL11,Inflammatory,None,24,,48.72556724864068
CCL11,Inflammatory,None,48,,70.54827469080215
CCL11,Inflammatory,None,96,,64.7261421149785
CCL11,Inflammatory,Resting,24,1.0,42.9727385273988
CCL11,Inflammatory,Resting,24,2.0,47.1696332683726
CCL11,Inflammatory,Resting,24,3.0,23.904541220433
CCL11,Inflammatory,Resting,24,4.0,47.1696332683726
CCL11,Inflammatory,Resting,48,1.0,55.529955841575
CCL11,Inflammatory,Resting,48,2.0,59.6952147311297
CCL11,Inflammatory,Resting,48,3.0,51.3550411175614
CCL11,Inflammatory,Resting,48,4.0,55.529955841575
CCL11,Inflammatory,Resting,96,1.0,96.8407419343925
CCL11,Inflammatory,Resting,96,2.0,88.6314563782286
CCL11,Inflammatory,Resting,96,3.0,53.4437545767334
CCL11,Inflammatory,Resting,96,4.0,53.4437545767334
CCL2,Basal,Activated,24,1.0,270.864319079033
CCL2,Basal,Activated,24,2.0,268.587382481958
CCL2,Basal,Activated,24,3.0,3195.5559884584
CCL2,Basal,Activated,24,4.0,2508.35707473336
CCL2,Basal,Activated,48,1.0,7843.8848469087
CCL2,Basal,Activated,48,2.0,5425.00879292046
CCL2,Basal,Activated,48,3.0,4219.03553932465
CCL2,Basal,Activated,48,4.0,21632.0407009423
CCL2,Basal,Activated,96,1.0,5581.26494440291
CCL2,Basal,Activated,96,2.0,3790.51859854235
CCL2,Basal,Activated,96,3.0,2246.31631095054
CCL2,Basal,Activated,96,4.0,2470.11423481318
CCL2,Basal,None,24,,660.0979645971285
CCL2,Basal,None,48,,923.2679357690972
CCL2,Basal,None,96,,1961.1931894701174
CCL2,Basal,Resting,24,1.0,875.712215686287
CCL2,Basal,Resting,24,2.0,906.069211089201
CCL2,Basal,Resting,24,3.0,1453.72940696229
CCL2,Basal,Resting,24,4.0,1788.27290474592
CCL2,Basal,Resting,48,1.0,2610.59519897643
CCL2,Basal,Resting,48,2.0,3175.288876847
CCL2,Basal,Resting,48,3.0,2472.90017721778
CCL2,Basal,Resting,48,4.0,2664.69350683328
CCL2,Basal,Resting,96,1.0,4147.24691170351
CCL2,Basal,Resting,96,2.0,6939.54110217201
CCL2,Basal,Resting,96,3.0,6473.75459653287
CCL2,Basal,Resting,96,4.0,7269.40759706219
CCL2,Inflammatory,Activated,24,1.0,3194.63151283877
CCL2,Inflammatory,Activated,24,2.0,2060.70935612262
CCL2,Inflammatory,Activated,24,3.0,2187.40607734746
CCL2,Inflammatory,Activated,24,4.0,14.4355707819635
CCL2,Inflammatory,Activated,48,1.0,4000.34144460358
CCL2,Inflammatory,Activated,48,2.0,5148.2489097518
CCL2,Inflammatory,Activated,48,3.0,1720.90583458451
CCL2,Inflammatory,Activated,48,4.0,2309.40924407824
CCL2,Inflammatory,Activated,96,1.0,6835.18241269905
CCL2,Inflammatory,Activated,96,2.0,5651.20224616389
CCL2,Inflammatory,Activated,96,3.0,6868.88282269861
CCL2,Inflammatory,Activated,96,4.0,2777.75028565575
CCL2,Inflammatory,None,24,,1420.7255630741818
CCL2,Inflammatory,None,48,,4467.252812213443
CCL2,Inflammatory,None,96,,3705.175817512286
CCL2,Inflammatory,Resting,24,1.0,968.403170539557
CCL2,Inflammatory,Resting,24,2.0,1832.03916076021
CCL2,Inflammatory,Resting,24,3.0,3061.14633152163
CCL2,Inflammatory,Resting,24,4.0,4326.35790790544
CCL2,Inflammatory,Resting,48,1.0,5065.14591863034
CCL2,Inflammatory,Resting,48,2.0,3987.64130563861
CCL2,Inflammatory,Resting,48,3.0,7604.97554313808
CCL2,Inflammatory,Resting,48,4.0,9658.0539243291
CCL2,Inflammatory,Resting,96,1.0,10015.5695119585
CCL2,Inflammatory,Resting,96,2.0,8258.50104274822
CCL2,Inflammatory,Resting,96,3.0,7128.72857475448
CCL2,Inflammatory,Resting,96,4.0,10050.6658016807
CCL3,Basal,Activated,24,1.0,111.271539330032
CCL3,Basal,Activated,24,2.0,102.747640823778
CCL3,Basal,Activated,24,3.0,170.34658547011
CCL3,Basal,Activated,24,4.0,578.178895243276
CCL3,Basal,Activated,48,1.0,4084.70201074769
CCL3,Basal,Activated,48,2.0,5065.50399384095
CCL3,Basal,Activated,48,3.0,170.34658547011
CCL3,Basal,Activated,48,4.0,447.566511482917
CCL3,Basal,Activated,96,1.0,1174.81328597504
CCL3,Basal,Activated,96,2.0,1414.82460011933
CCL3,Basal,Activated,96,3.0,1318.91199989989
CCL3,Basal,Activated,96,4.0,824.914288267057
CCL3,Basal,None,24,,128.40419334145827
CCL3,Basal,None,48,,139.2207852056875
CCL3,Basal,None,96,,176.615760627776
CCL3,Basal,Resting,24,1.0,275.105572686883
CCL3,Basal,Resting,24,2.0,446.674984815354
CCL3,Basal,Resting,24,3.0,799.341615583795
CCL3,Basal,Resting,24,4.0,1113.37170201673
CCL3,Basal,Resting,48,1.0,789.529592100274
CCL3,Basal,Resting,48,2.0,770.230548743359
CCL3,Basal,Resting,48,3.0,1088.23293362839
CCL3,Basal,Resting,48,4.0,1523.74575061069
CCL3,Basal,Resting,96,1.0,4549.30977494196
CCL3,Basal,Resting,96,2.0,4207.22126467081
CCL3,Basal,Resting,96,3.0,5065.87191613847
CCL3,Basal,Resting,96,4.0,340.031246404614
CCL3,Inflammatory,Activated,24,1.0,882.010299312373
CCL3,Inflammatory,Activated,24,2.0,835.824537455535
CCL3,Inflammatory,Activated,24,3.0,965.019705641023
CCL3,Inflammatory,Activated,24,4.0,9.27754915409236
CCL3,Inflammatory,Activated,48,1.0,904.888113923932
CCL3,Inflammatory,Activated,48,2.0,1004.18870694334
CCL3,Inflammatory,Activated,48,3.0,1331.31639516045
CCL3,Inflammatory,Activated,48,4.0,2024.08752117777
CCL3,Inflammatory,Activated,96,1.0,1753.12938209372
CCL3,Inflammatory,Activated,96,2.0,1104.10091938159
CCL3,Inflammatory,Activated,96,3.0,2542.23984271643
CCL3,Inflammatory,Activated,96,4.0,776.114862612115
CCL3,Inflammatory,None,24,,222.51746823578674
CCL3,Inflammatory,None,48,,228.400095609398
CCL3,Inflammatory,None,96,,194.05532089619825
CCL3,Inflammatory,Resting,24,1.0,222.276043658828
CCL3,Inflammatory,Resting,24,2.0,227.695394598663
CCL3,Inflammatory,Resting,24,3.0,415.474102508413
CCL3,Inflammatory,Resting,24,4.0,1032.02898364769
CCL3,Inflammatory,Resting,48,1.0,4541.2690279951
CCL3,Inflammatory,Resting,48,2.0,3767.84350159495
CCL3,Inflammatory,Resting,48,3.0,749.376036479876
CCL3,Inflammatory,Resting,48,4.0,717.281612235464
CCL3,Inflammatory,Resting,96,1.0,6253.15922400078
CCL3,Inflammatory,Resting,96,2.0,5616.72131500356
CCL3,Inflammatory,Resting,96,3.0,3517.40850987
CCL3,Inflammatory,Resting,96,4.0,3843.58772032253
CCL4,Basal,Activated,24,1.0,105.565030083145
CCL4,Basal,Activated,24,2.0,111.145465819805
CCL4,Basal,Activated,24,3.0,192.186702481522
CCL4,Basal,Activated,24,4.0,732.831491157082
CCL4,Basal,Activated,48,1.0,1608.541771405
CCL4,Basal,Activated,48,2.0,1611.51869211545
CCL4,Basal,Activated,48,3.0,211.85121772666
CCL4,Basal,Activated,48,4.0,609.776841744466
CCL4,Basal,Activated,96,1.0,579.928608169376
CCL4,Basal,Activated,96,2.0,572.065845311306
CCL4,Basal,Activated,96,3.0,661.15334400735
CCL4,Basal,Activated,96,4.0,546.993121295128
CCL4,Basal,None,24,,149.88976991077064
CCL4,Basal,None,48,,161.9738504605105
CCL4,Basal,None,96,,228.86351404512627
CCL4,Basal,Resting,24,1.0,307.807641386206
CCL4,Basal,Resting,24,2.0,349.945697191393
CCL4,Basal,Resting,24,3.0,574.317812133333
CCL4,Basal,Resting,24,4.0,948.23715664543
CCL4,Basal,Resting,48,1.0,507.055795373656
CCL4,Basal,Resting,48,2.0,614.137335889865
CCL4,Basal,Resting,48,3.0,596.602134407924
CCL4,Basal,Resting,48,4.0,942.878880788468
CCL4,Basal,Resting,96,1.0,996.787041963278
CCL4,Basal,Resting,96,2.0,1038.38355085922
CCL4,Basal,Resting,96,3.0,1196.37366883665
CCL4,Basal,Resting,96,4.0,434.871380690446
CCL4,Inflammatory,Activated,24,1.0,516.592899910788
CCL4,Inflammatory,Activated,24,2.0,455.370319446788
CCL4,Inflammatory,Activated,24,3.0,966.892818127086
CCL4,Inflammatory,Activated,24,4.0,11.2345679012346
CCL4,Inflammatory,Activated,48,1.0,528.389870647562
CCL4,Inflammatory,Activated,48,2.0,669.527286898837
CCL4,Inflammatory,Activated,48,3.0,803.292441977196
CCL4,Inflammatory,Activated,48,4.0,839.364107679616
CCL4,Inflammatory,Activated,96,1.0,639.99064068525
CCL4,Inflammatory,Activated,96,2.0,499.842490158553
CCL4,Inflammatory,Activated,96,3.0,929.426845945216
CCL4,Inflammatory,Activated,96,4.0,450.291343027735
CCL4,Inflammatory,None,24,,249.3797257205655
CCL4,Inflammatory,None,48,,317.72806576501875
CCL4,Inflammatory,None,96,,263.16282476310727
CCL4,Inflammatory,Resting,24,1.0,215.662207928626
CCL4,Inflammatory,Resting,24,2.0,255.40342188513
CCL4,Inflammatory,Resting,24,3.0,320.150479200944
CCL4,Inflammatory,Resting,24,4.0,514.217086154798
CCL4,Inflammatory,Resting,48,1.0,1891.34202424338
CCL4,Inflammatory,Resting,48,2.0,1263.35767783649
CCL4,Inflammatory,Resting,48,3.0,361.485583076321
CCL4,Inflammatory,Resting,48,4.0,686.12684311563
CCL4,Inflammatory,Resting,96,1.0,1653.7964203481
CCL4,Inflammatory,Resting,96,2.0,1500.39644901396
CCL4,Inflammatory,Resting,96,3.0,1331.51278182291
CCL4,Inflammatory,Resting,96,4.0,1355.01978315481
CCL5 RANTES,Basal,Activated,24,1.0,22.6848239179576
CCL5 RANTES,Basal,Activated,24,2.0,19.4215590586311
CCL5 RANTES,Basal,Activated,24,3.0,146.698622905208
CCL5 RANTES,Basal,Activated,24,4.0,111.241387257934
CCL5 RANTES,Basal,Activated,48,1.0,597.744050076071
CCL5 RANTES,Basal,Activated,48,2.0,317.074316717627
CCL5 RANTES,Basal,Activated,48,3.0,179.166877929857
CCL5 RANTES,Basal,Activated,48,4.0,105.727587385609
CCL5 RANTES,Basal,Activated,96,1.0,4370.0
CCL5 RANTES,Basal,Activated,96,2.0,4370.0
CCL5 RANTES,Basal,Activated,96,3.0,4370.0
CCL5 RANTES,Basal,Activated,96,4.0,4370.0
CCL5 RANTES,Basal,None,24,,1126.924945775619
CCL5 RANTES,Basal,None,48,,15.5209651543673
CCL5 RANTES,Basal,None,96,,2204.8339688083115
CCL5 RANTES,Basal,Resting,24,1.0,4370.0
CCL5 RANTES,Basal,Resting,24,2.0,4370.0
CCL5 RANTES,Basal,Resting,24,3.0,4370.0
CCL5 RANTES,Basal,Resting,24,4.0,4370.0
CCL5 RANTES,Basal,Resting,48,1.0,4370.0
CCL5 RANTES,Basal,Resting,48,2.0,4370.0
CCL5 RANTES,Basal,Resting,48,3.0,4370.0
CCL5 RANTES,Basal,Resting,48,4.0,4370.0
CCL5 RANTES,Basal,Resting,96,1.0,4370.0
CCL5 RANTES,Basal,Resting,96,2.0,4370.0
CCL5 RANTES,Basal,Resting,96,3.0,4370.0
CCL5 RANTES,Basal,Resting,96,4.0,61.4001351607937
CCL5 RANTES,Inflammatory,Activated,24,1.0,4370.0
CCL5 RANTES,Inflammatory,Activated,24,2.0,4370.0
CCL5 RANTES,Inflammatory,Activated,24,3.0,4370.0
CCL5 RANTES,Inflammatory,Activated,24,4.0,4370.0
CCL5 RANTES,Inflammatory,Activated,48,1.0,4370.0
CCL5 RANTES,Inflammatory,Activated,48,2.0,4370.0
CCL5 RANTES,Inflammatory,Activated,48,3.0,4370.0
CCL5 RANTES,Inflammatory,Activated,48,4.0,4370.0
CCL5 RANTES,Inflammatory,Activated,96,1.0,4370.0
CCL5 RANTES,Inflammatory,Activated,96,2.0,4370.0
CCL5 RANTES,Inflammatory,Activated,96,3.0,4370.0
CCL5 RANTES,Inflammatory,Activated,96,4.0,4370.0
CCL5 RANTES,Inflammatory,None,24,,2447.6378962786257
CCL5 RANTES,Inflammatory,None,48,,3277.9851406554776
CCL5 RANTES,Inflammatory,None,96,,3285.1555905845057
CCL5 RANTES,Inflammatory,Resting,24,1.0,4370.0
CCL5 RANTES,Inflammatory,Resting,24,2.0,4370.0
CCL5 RANTES,Inflammatory,Resting,24,3.0,4370.0
CCL5 RANTES,Inflammatory,Resting,24,4.0,4370.0
CCL5 RANTES,Inflammatory,Resting,48,1.0,4370.0
CCL5 RANTES,Inflammatory,Resting,48,2.0,4370.0
CCL5 RANTES,Inflammatory,Resting,48,3.0,4370.0
CCL5 RANTES,Inflammatory,Resting,48,4.0,4370.0
CCL5 RANTES,Inflammatory,Resting,96,1.0,473.500179251399
CCL5 RANTES,Inflammatory,Resting,96,2.0,4370.0
CCL5 RANTES,Inflammatory,Resting,96,3.0,328.951402945055
CCL5 RANTES,Inflammatory,Resting,96,4.0,279.188991173272
CD25,Basal,Activated,24,1.0,7.12206112223853
CD25,Basal,Activated,24,2.0,5.29353801314361
CD25,Basal,Activated,24,3.0,9.67939202232586
CD25,Basal,Activated,24,4.0,15.1148097951419
CD25,Basal,Activated,48,1.0,12.3494316751181
CD25,Basal,Activated,48,2.0,15.8195337269741
CD25,Basal,Activated,48,3.0,11.0015618370232
CD25,Basal,Activated,48,4.0,20.1484757884243
CD25,Basal,Activated,96,1.0,199.883429459898
CD25,Basal,Activated,96,2.0,147.141217294697
CD25,Basal,Activated,96,3.0,132.537504243229
CD25,Basal,Activated,96,4.0,130.543795761474
CD25,Basal,None,24,,8.058652441273807
CD25,Basal,None,48,,8.402883578874821
CD25,Basal,None,96,,12.44055847253415
CD25,Basal,Resting,24,1.0,89.0076436402453
CD25,Basal,Resting,24,2.0,43.3626958486148
CD25,Basal,Resting,24,3.0,105.11055875753
CD25,Basal,Resting,24,4.0,121.63626083747
CD25,Basal,Resting,48,1.0,169.253987015874
CD25,Basal,Resting,48,2.0,169.253987015874
CD25,Basal,Resting,48,3.0,136.038698588224
CD25,Basal,Resting,48,4.0,168.213860822455
CD25,Basal,Resting,96,1.0,27.6960736768365
CD25,Basal,Resting,96,2.0,25.7740293737561
CD25,Basal,Resting,96,3.0,16.5292774374823
CD25,Basal,Resting,96,4.0,17.9632476489152
CD25,Inflammatory,Activated,24,1.0,136.540126127911
CD25,Inflammatory,Activated,24,2.0,52.2215966496528
CD25,Inflammatory,Activated,24,3.0,78.3768825371929
CD25,Inflammatory,Activated,24,4.0,0.986816559295095
CD25,Inflammatory,Activated,48,1.0,160.964215275013
CD25,Inflammatory,Activated,48,2.0,213.893512444044
CD25,Inflammatory,Activated,48,3.0,108.962386663935
CD25,Inflammatory,Activated,48,4.0,126.076774932204
CD25,Inflammatory,Activated,96,1.0,109.928934446578
CD25,Inflammatory,Activated,96,2.0,165.100144566861
CD25,Inflammatory,Activated,96,3.0,201.491406836435
CD25,Inflammatory,Activated,96,4.0,167.174842431642
CD25,Inflammatory,None,24,,17.462703954288052
CD25,Inflammatory,None,48,,17.072380876573327
CD25,Inflammatory,None,96,,16.33740349182094
CD25,Inflammatory,Resting,24,1.0,13.3760198437179
CD25,Inflammatory,Resting,24,2.0,14.0674822807077
CD25,Inflammatory,Resting,24,3.0,15.8195337269741
CD25,Inflammatory,Resting,24,4.0,78.834408199518
CD25,Inflammatory,Resting,48,1.0,20.1484757884243
CD25,Inflammatory,Resting,48,2.0,25.7740293737561
CD25,Inflammatory,Resting,48,3.0,18.6872084034299
CD25,Inflammatory,Resting,48,4.0,23.1214165064016
CD25,Inflammatory,Resting,96,1.0,26.1566649328929
CD25,Inflammatory,Resting,96,2.0,22.3721251239645
CD25,Inflammatory,Resting,96,3.0,13.032384741607
CD25,Inflammatory,Resting,96,4.0,14.4152625181417
CXCL-9,Basal,Activated,24,1.0,221.218932943638
CXCL-9,Basal,Activated,24,2.0,167.067489602012
CXCL-9,Basal,Activated,24,3.0,373.225749918795
CXCL-9,Basal,Activated,24,4.0,653.740855831884
CXCL-9,Basal,Activated,48,1.0,362.395610713018
CXCL-9,Basal,Activated,48,2.0,317.873446539447
CXCL-9,Basal,Activated,48,3.0,617.91474218346
CXCL-9,Basal,Activated,48,4.0,617.91474218346
CXCL-9,Basal,Activated,96,1.0,4901.7970559919
CXCL-9,Basal,Activated,96,2.0,5451.94716911699
CXCL-9,Basal,Activated,96,3.0,4104.29340399645
CXCL-9,Basal,Activated,96,4.0,7595.94121785928
CXCL-9,Basal,None,24,,248.36326209288475
CXCL-9,Basal,None,48,,261.90258801288024
CXCL-9,Basal,None,96,,333.60140765961773
CXCL-9,Basal,Resting,24,1.0,1575.41380464032
CXCL-9,Basal,Resting,24,2.0,446.265763652983
CXCL-9,Basal,Resting,24,3.0,1408.3150729786
CXCL-9,Basal,Resting,24,4.0,2665.51673702438
CXCL-9,Basal,Resting,48,1.0,2424.91203014151
CXCL-9,Basal,Resting,48,2.0,5111.12847643714
CXCL-9,Basal,Resting,48,3.0,4224.24040194803
CXCL-9,Basal,Resting,48,4.0,4901.7970559919
CXCL-9,Basal,Resting,96,1.0,543.977391285453
CXCL-9,Basal,Resting,96,2.0,446.265763652983
CXCL-9,Basal,Resting,96,3.0,362.395610713018
CXCL-9,Basal,Resting,96,4.0,723.448073523197
CXCL-9,Inflammatory,Activated,24,1.0,1205.54536295904
CXCL-9,Inflammatory,Activated,24,2.0,653.740855831884
CXCL-9,Inflammatory,Activated,24,3.0,1020.89206482349
CXCL-9,Inflammatory,Activated,24,4.0,25.5519823563618
CXCL-9,Inflammatory,Activated,48,1.0,951.612547182296
CXCL-9,Inflammatory,Activated,48,2.0,2823.86552910461
CXCL-9,Inflammatory,Activated,48,3.0,1132.93154187415
CXCL-9,Inflammatory,Activated,48,4.0,1704.87305228285
CXCL-9,Inflammatory,Activated,96,1.0,1990.9918385411
CXCL-9,Inflammatory,Activated,96,2.0,1535.87880291955
CXCL-9,Inflammatory,Activated,96,3.0,1990.9918385411
CXCL-9,Inflammatory,Activated,96,4.0,3184.64128579534
CXCL-9,Inflammatory,None,24,,394.0488559020295
CXCL-9,Inflammatory,None,48,,530.8931773759444
CXCL-9,Inflammatory,None,96,,416.61904295541876
CXCL-9,Inflammatory,Resting,24,1.0,394.566529566735
CXCL-9,Inflammatory,Resting,24,2.0,351.451716874529
CXCL-9,Inflammatory,Resting,24,3.0,466.362644346027
CXCL-9,Inflammatory,Resting,24,4.0,982.610352907366
CXCL-9,Inflammatory,Resting,48,1.0,486.163115263567
CXCL-9,Inflammatory,Resting,48,2.0,505.687448215556
CXCL-9,Inflammatory,Resting,48,3.0,486.163115263567
CXCL-9,Inflammatory,Resting,48,4.0,688.899592039921
CXCL-9,Inflammatory,Resting,96,1.0,486.163115263567
CXCL-9,Inflammatory,Resting,96,2.0,466.362644346027
CXCL-9,Inflammatory,Resting,96,3.0,340.387976732991
CXCL-9,Inflammatory,Resting,96,4.0,271.057270942741
CXCL10/IP10/CRG2,Basal,Activated,24,1.0,31.1782626501472
CXCL10/IP10/CRG2,Basal,Activated,24,2.0,31.7336214342643
CXCL10/IP10/CRG2,Basal,Activated,24,3.0,410.0
CXCL10/IP10/CRG2,Basal,Activated,24,4.0,410.0
CXCL10/IP10/CRG2,Basal,Activated,48,1.0,41.4830753086323
CXCL10/IP10/CRG2,Basal,Activated,48,2.0,104.686666901443
CXCL10/IP10/CRG2,Basal,Activated,48,3.0,410.0
CXCL10/IP10/CRG2,Basal,Activated,48,4.0,410.0
CXCL10/IP10/CRG2,Basal,Activated,96,1.0,410.0
CXCL10/IP10/CRG2,Basal,Activated,96,2.0,410.0
CXCL10/IP10/CRG2,Basal,Activated,96,3.0,410.0
CXCL10/IP10/CRG2,Basal,Activated,96,4.0,410.0
CXCL10/IP10/CRG2,Basal,None,24,,37.23905199128555
CXCL10/IP10/CRG2,Basal,None,48,,15.30280615135605
CXCL10/IP10/CRG2,Basal,None,96,,31.76846933596792
CXCL10/IP10/CRG2,Basal,Resting,24,1.0,410.0
CXCL10/IP10/CRG2,Basal,Resting,24,2.0,410.0
CXCL10/IP10/CRG2,Basal,Resting,24,3.0,410.0
CXCL10/IP10/CRG2,Basal,Resting,24,4.0,410.0
CXCL10/IP10/CRG2,Basal,Resting,48,1.0,410.0
CXCL10/IP10/CRG2,Basal,Resting,48,2.0,410.0
CXCL10/IP10/CRG2,Basal,Resting,48,3.0,410.0
CXCL10/IP10/CRG2,Basal,Resting,48,4.0,410.0
CXCL10/IP10/CRG2,Basal,Resting,96,1.0,217.388432268258
CXCL10/IP10/CRG2,Basal,Resting,96,2.0,200.695211542866
CXCL10/IP10/CRG2,Basal,Resting,96,3.0,209.675397717017
CXCL10/IP10/CRG2,Basal,Resting,96,4.0,410.0
CXCL10/IP10/CRG2,Inflammatory,Activated,24,1.0,410.0
CXCL10/IP10/CRG2,Inflammatory,Activated,24,2.0,410.0
CXCL10/IP10/CRG2,Inflammatory,Activated,24,3.0,410.0
CXCL10/IP10/CRG2,Inflammatory,Activated,24,4.0,0.349174855713641
CXCL10/IP10/CRG2,Inflammatory,Activated,48,1.0,410.0
CXCL10/IP10/CRG2,Inflammatory,Activated,48,2.0,410.0
CXCL10/IP10/CRG2,Inflammatory,Activated,48,3.0,410.0
CXCL10/IP10/CRG2,Inflammatory,Activated,48,4.0,410.0
CXCL10/IP10/CRG2,Inflammatory,Activated,96,1.0,410.0
CXCL10/IP10/CRG2,Inflammatory,Activated,96,2.0,410.0
CXCL10/IP10/CRG2,Inflammatory,Activated,96,3.0,410.0
CXCL10/IP10/CRG2,Inflammatory,Activated,96,4.0,410.0
CXCL10/IP10/CRG2,Inflammatory,None,24,,402.74524347934823
CXCL10/IP10/CRG2,Inflammatory,None,48,,85.97017938625525
CXCL10/IP10/CRG2,Inflammatory,None,96,,61.29405858859923
CXCL10/IP10/CRG2,Inflammatory,Resting,24,1.0,448.034306597416
CXCL10/IP10/CRG2,Inflammatory,Resting,24,2.0,410.0
CXCL10/IP10/CRG2,Inflammatory,Resting,24,3.0,410.0
CXCL10/IP10/CRG2,Inflammatory,Resting,24,4.0,410.0
CXCL10/IP10/CRG2,Inflammatory,Resting,48,1.0,66.1005280276684
CXCL10/IP10/CRG2,Inflammatory,Resting,48,2.0,137.871150999657
CXCL10/IP10/CRG2,Inflammatory,Resting,48,3.0,410.0
CXCL10/IP10/CRG2,Inflammatory,Resting,48,4.0,410.0
CXCL10/IP10/CRG2,Inflammatory,Resting,96,1.0,138.775266207421
CXCL10/IP10/CRG2,Inflammatory,Resting,96,2.0,110.309199763128
CXCL10/IP10/CRG2,Inflammatory,Resting,96,3.0,123.929976414223
CXCL10/IP10/CRG2,Inflammatory,Resting,96,4.0,124.733287197389
EGF,Basal,Activated,24,1.0,0.468428913129342
EGF,Basal,Activated,24,2.0,0.54675788706153
EGF,Basal,Activated,24,3.0,0.600938874286765
EGF,Basal,Activated,24,4.0,0.685006964513432
EGF,Basal,Activated,48,1.0,1.16733579463161
EGF,Basal,Activated,48,2.0,0.600938874286765
EGF,Basal,Activated,48,3.0,0.847341907537537
EGF,Basal,Activated,48,4.0,1.01956848172049
EGF,Basal,Activated,96,1.0,0.862601921812471
EGF,Basal,Activated,96,2.0,0.802054049926862
EGF,Basal,Activated,96,3.0,0.468428913129342
EGF,Basal,Activated,96,4.0,0.468428913129342
EGF,Basal,None,24,,0.5814146594350055
EGF,Basal,None,48,,0.6574889605103564
EGF,Basal,None,96,,0.5410536383406775
EGF,Basal,Resting,24,1.0,0.481230981261639
EGF,Basal,Resting,24,2.0,0.195511830045023
EGF,Basal,Resting,24,3.0,0.235949151827993
EGF,Basal,Resting,24,4.0,0.520248007924563
EGF,Basal,Resting,48,1.0,1.21789861206529
EGF,Basal,Resting,48,2.0,0.832163524470082
EGF,Basal,Resting,48,3.0,1.01956848172049
EGF,Basal,Resting,48,4.0,0.713749407608201
EGF,Basal,Resting,96,1.0,0.742841754055181
EGF,Basal,Resting,96,2.0,1.05188716244277
EGF,Basal,Resting,96,3.0,0.713749407608201
EGF,Basal,Resting,96,4.0,0.600938874286765
EGF,Inflammatory,Activated,24,1.0,0.924446763943147
EGF,Inflammatory,Activated,24,2.0,0.656620266750185
EGF,Inflammatory,Activated,24,3.0,0.893364516315034
EGF,Inflammatory,Activated,24,4.0,0.139348609380233
EGF,Inflammatory,Activated,48,1.0,0.987552884537114
EGF,Inflammatory,Activated,48,2.0,1.05188716244277
EGF,Inflammatory,Activated,48,3.0,0.802054049926862
EGF,Inflammatory,Activated,48,4.0,0.742841754055181
EGF,Inflammatory,Activated,96,1.0,0.600938874286765
EGF,Inflammatory,Activated,96,2.0,1.01956848172049
EGF,Inflammatory,Activated,96,3.0,0.893364516315034
EGF,Inflammatory,Activated,96,4.0,0.728252197829449
EGF,Inflammatory,None,24,,0.87452887595669
EGF,Inflammatory,None,48,,0.841915115717434
EGF,Inflammatory,None,96,,0.7849262774032231
EGF,Inflammatory,Resting,24,1.0,0.656620266750185
EGF,Inflammatory,Resting,24,2.0,0.893364516315034
EGF,Inflammatory,Resting,24,3.0,0.393834677808975
EGF,Inflammatory,Resting,24,4.0,0.300662769596712
EGF,Inflammatory,Resting,48,1.0,1.57072819021347
EGF,Inflammatory,Resting,48,2.0,0.955844291124997
EGF,Inflammatory,Resting,48,3.0,1.08450514073226
EGF,Inflammatory,Resting,48,4.0,0.832163524470082
EGF,Inflammatory,Resting,96,1.0,1.70036730948337
EGF,Inflammatory,Resting,96,2.0,1.79482236783348
EGF,Inflammatory,Resting,96,3.0,0.893364516315034
EGF,Inflammatory,Resting,96,4.0,1.01956848172049
FGF basic/ FGF2/bFGF,Basal,Activated,24,1.0,6.53578321993155
FGF basic/ FGF2/bFGF,Basal,Activated,24,2.0,5.76030007083631
FGF basic/ FGF2/bFGF,Basal,Activated,24,3.0,7.80792905415159
FGF basic/ FGF2/bFGF,Basal,Activated,24,4.0,9.7285122228481
FGF basic/ FGF2/bFGF,Basal,Activated,48,1.0,1.91452388118451
FGF basic/ FGF2/bFGF,Basal,Activated,48,2.0,4.70209900724354
FGF basic/ FGF2/bFGF,Basal,Activated,48,3.0,18.5759808188384
FGF basic/ FGF2/bFGF,Basal,Activated,48,4.0,18.9917801205116
FGF basic/ FGF2/bFGF,Basal,Activated,96,1.0,12.1496268205933
FGF basic/ FGF2/bFGF,Basal,Activated,96,2.0,16.1493631757351
FGF basic/ FGF2/bFGF,Basal,Activated,96,3.0,16.6911588221872
FGF basic/ FGF2/bFGF,Basal,Activated,96,4.0,10.421912546623
FGF basic/ FGF2/bFGF,Basal,None,24,,8.934177420362882
FGF basic/ FGF2/bFGF,Basal,None,48,,5.00387087907441
FGF basic/ FGF2/bFGF,Basal,None,96,,11.38323010839137
FGF basic/ FGF2/bFGF,Basal,Resting,24,1.0,24.615313108027
FGF basic/ FGF2/bFGF,Basal,Resting,24,2.0,16.5893467922307
FGF basic/ FGF2/bFGF,Basal,Resting,24,3.0,36.1428642983104
FGF basic/ FGF2/bFGF,Basal,Resting,24,4.0,39.0608973695631
FGF basic/ FGF2/bFGF,Basal,Resting,48,1.0,10.3586227231836
FGF basic/ FGF2/bFGF,Basal,Resting,48,2.0,12.3762270070534
FGF basic/ FGF2/bFGF,Basal,Resting,48,3.0,27.7150183453554
FGF basic/ FGF2/bFGF,Basal,Resting,48,4.0,37.455331215374
FGF basic/ FGF2/bFGF,Basal,Resting,96,1.0,17.81791284158
FGF basic/ FGF2/bFGF,Basal,Resting,96,2.0,13.6496066797038
FGF basic/ FGF2/bFGF,Basal,Resting,96,3.0,20.459796178632
FGF basic/ FGF2/bFGF,Basal,Resting,96,4.0,11.2172739696749
FGF basic/ FGF2/bFGF,Inflammatory,Activated,24,1.0,19.0265032956248
FGF basic/ FGF2/bFGF,Inflammatory,Activated,24,2.0,33.2787631714651
FGF basic/ FGF2/bFGF,Inflammatory,Activated,24,3.0,53.2600726156413
FGF basic/ FGF2/bFGF,Inflammatory,Activated,24,4.0,41.253810259699
FGF basic/ FGF2/bFGF,Inflammatory,Activated,48,1.0,18.1962606122868
FGF basic/ FGF2/bFGF,Inflammatory,Activated,48,2.0,16.1155993555149
FGF basic/ FGF2/bFGF,Inflammatory,Activated,48,3.0,31.9633845586475
FGF basic/ FGF2/bFGF,Inflammatory,Activated,48,4.0,45.6425622598035
FGF basic/ FGF2/bFGF,Inflammatory,Activated,96,1.0,46.440926757665
FGF basic/ FGF2/bFGF,Inflammatory,Activated,96,2.0,17.1676515222101
FGF basic/ FGF2/bFGF,Inflammatory,Activated,96,3.0,45.7264337734905
FGF basic/ FGF2/bFGF,Inflammatory,Activated,96,4.0,15.5433937594369
FGF basic/ FGF2/bFGF,Inflammatory,None,24,,38.9089541021922
FGF basic/ FGF2/bFGF,Inflammatory,None,48,,12.375825899818286
FGF basic/ FGF2/bFGF,Inflammatory,None,96,,14.943445953554775
FGF basic/ FGF2/bFGF,Inflammatory,Resting,24,1.0,32.8519007858149
FGF basic/ FGF2/bFGF,Inflammatory,Resting,24,2.0,35.9054162993356
FGF basic/ FGF2/bFGF,Inflammatory,Resting,24,3.0,22.7702416467694
FGF basic/ FGF2/bFGF,Inflammatory,Resting,24,4.0,35.2346282383365
FGF basic/ FGF2/bFGF,Inflammatory,Resting,48,1.0,4.73124668973499
FGF basic/ FGF2/bFGF,Inflammatory,Resting,48,2.0,5.14080085855055
FGF basic/ FGF2/bFGF,Inflammatory,Resting,48,3.0,21.9473950770516
FGF basic/ FGF2/bFGF,Inflammatory,Resting,48,4.0,28.1264667088741
FGF basic/ FGF2/bFGF,Inflammatory,Resting,96,1.0,8.63815371662881
FGF basic/ FGF2/bFGF,Inflammatory,Resting,96,2.0,8.05291960692653
FGF basic/ FGF2/bFGF,Inflammatory,Resting,96,3.0,5.19953443322484
FGF basic/ FGF2/bFGF,Inflammatory,Resting,96,4.0,5.28774027423793
G-CSF,Basal,Activated,24,1.0,36.2686647107363
G-CSF,Basal,Activated,24,2.0,32.036244089916
G-CSF,Basal,Activated,24,3.0,105.68680830449
G-CSF,Basal,Activated,24,4.0,143.040771424677
G-CSF,Basal,Activated,48,1.0,451.949805791751
G-CSF,Basal,Activated,48,2.0,2577.86489723427
G-CSF,Basal,Activated,48,3.0,538.233279062296
G-CSF,Basal,Activated,48,4.0,238.951973392713
G-CSF,Basal,Activated,96,1.0,17287.7859810474
G-CSF,Basal,Activated,96,2.0,3230.01304748966
G-CSF,Basal,Activated,96,3.0,2666.51254710255
G-CSF,Basal,Activated,96,4.0,3390.87930294915
G-CSF,Basal,None,24,,2336.666130907834
G-CSF,Basal,None,48,,207.67761379145452
G-CSF,Basal,None,96,,8129.965517810335
G-CSF,Basal,Resting,24,1.0,301.04691720375
G-CSF,Basal,Resting,24,2.0,437.745833403508
G-CSF,Basal,Resting,24,3.0,1191.72658992709
G-CSF,Basal,Resting,24,4.0,1297.45944589869
G-CSF,Basal,Resting,48,1.0,3225.1186068169
G-CSF,Basal,Resting,48,2.0,3019.88247518071
G-CSF,Basal,Resting,48,3.0,2429.05737073015
G-CSF,Basal,Resting,48,4.0,2390.12945620811
G-CSF,Basal,Resting,96,1.0,13427.0403125689
G-CSF,Basal,Resting,96,2.0,14009.4595472136
G-CSF,Basal,Resting,96,3.0,8487.0104154581
G-CSF,Basal,Resting,96,4.0,424.319593856576
G-CSF,Inflammatory,Activated,24,1.0,8037.77381054935
G-CSF,Inflammatory,Activated,24,2.0,5948.31686361627
G-CSF,Inflammatory,Activated,24,3.0,7479.67646499619
G-CSF,Inflammatory,Activated,24,4.0,3.5152253514415
G-CSF,Inflammatory,Activated,48,1.0,11508.438983489
G-CSF,Inflammatory,Activated,48,2.0,10266.8706598577
G-CSF,Inflammatory,Activated,48,3.0,4825.8343007441
G-CSF,Inflammatory,Activated,48,4.0,3286.61592922956
G-CSF,Inflammatory,Activated,96,1.0,8467.13006549711
G-CSF,Inflammatory,Activated,96,2.0,18903.0934182296
G-CSF,Inflammatory,Activated,96,3.0,17693.0805766068
G-CSF,Inflammatory,Activated,96,4.0,6910.14984342527
G-CSF,Inflammatory,None,24,,5613.7433016240075
G-CSF,Inflammatory,None,48,,13867.022892251865
G-CSF,Inflammatory,None,96,,19218.19951418201
G-CSF,Inflammatory,Resting,24,1.0,6363.73765567958
G-CSF,Inflammatory,Resting,24,2.0,4219.16662160016
G-CSF,Inflammatory,Resting,24,3.0,7392.7135270135
G-CSF,Inflammatory,Resting,24,4.0,10976.2493731791
G-CSF,Inflammatory,Resting,48,1.0,9967.16665559111
G-CSF,Inflammatory,Resting,48,2.0,9757.22371894149
G-CSF,Inflammatory,Resting,48,3.0,15826.0038053559
G-CSF,Inflammatory,Resting,48,4.0,15385.9339539084
G-CSF,Inflammatory,Resting,96,1.0,12274.6922818318
G-CSF,Inflammatory,Resting,96,2.0,17935.4709563222
G-CSF,Inflammatory,Resting,96,3.0,683.4290381725
G-CSF,Inflammatory,Resting,96,4.0,760.295990794729
GM-CSF,Basal,Activated,24,1.0,11.6500979979199
GM-CSF,Basal,Activated,24,2.0,17.9101606216194
GM-CSF,Basal,Activated,24,3.0,167.048199363624
GM-CSF,Basal,Activated,24,4.0,232.121451567189
GM-CSF,Basal,Activated,48,1.0,57.8832793012142
GM-CSF,Basal,Activated,48,2.0,231.366534936117
GM-CSF,Basal,Activated,48,3.0,244.497742816363
GM-CSF,Basal,Activated,48,4.0,244.497742816363
GM-CSF,Basal,Activated,96,1.0,639.919893982683
GM-CSF,Basal,Activated,96,2.0,450.993557112805
GM-CSF,Basal,Activated,96,3.0,261.556518149638
GM-CSF,Basal,Activated,96,4.0,261.300786527684
GM-CSF,Basal,None,24,,60.21017605010702
GM-CSF,Basal,None,48,,15.7202000243293
GM-CSF,Basal,None,96,,129.76797550983693
GM-CSF,Basal,Resting,24,1.0,172.11623892442
GM-CSF,Basal,Resting,24,2.0,152.920649782907
GM-CSF,Basal,Resting,24,3.0,239.941368087851
GM-CSF,Basal,Resting,24,4.0,292.221147007503
GM-CSF,Basal,Resting,48,1.0,384.833751585572
GM-CSF,Basal,Resting,48,2.0,332.021448965174
GM-CSF,Basal,Resting,48,3.0,386.450101937183
GM-CSF,Basal,Resting,48,4.0,369.52412637087
GM-CSF,Basal,Resting,96,1.0,427.146243026514
GM-CSF,Basal,Resting,96,2.0,397.789756080787
GM-CSF,Basal,Resting,96,3.0,392.924531200374
GM-CSF,Basal,Resting,96,4.0,206.396312258371
GM-CSF,Inflammatory,Activated,24,1.0,650.599075985681
GM-CSF,Inflammatory,Activated,24,2.0,382.680031207788
GM-CSF,Inflammatory,Activated,24,3.0,431.518885410694
GM-CSF,Inflammatory,Activated,24,4.0,1.47690900777321
GM-CSF,Inflammatory,Activated,48,1.0,679.288433433992
GM-CSF,Inflammatory,Activated,48,2.0,609.745118266566
GM-CSF,Inflammatory,Activated,48,3.0,379.72131455437
GM-CSF,Inflammatory,Activated,48,4.0,435.623633645916
GM-CSF,Inflammatory,Activated,96,1.0,443.574151698624
GM-CSF,Inflammatory,Activated,96,2.0,693.549175369975
GM-CSF,Inflammatory,Activated,96,3.0,580.623067490672
GM-CSF,Inflammatory,Activated,96,4.0,373.008452105251
GM-CSF,Inflammatory,None,24,,330.239803993107
GM-CSF,Inflammatory,None,48,,241.51192316150775
GM-CSF,Inflammatory,None,96,,199.9691366463276
GM-CSF,Inflammatory,Resting,24,1.0,246.526465075028
GM-CSF,Inflammatory,Resting,24,2.0,286.000358412736
GM-CSF,Inflammatory,Resting,24,3.0,275.157612144046
GM-CSF,Inflammatory,Resting,24,4.0,406.730008132042
GM-CSF,Inflammatory,Resting,48,1.0,383.756689133882
GM-CSF,Inflammatory,Resting,48,2.0,298.459713857124
GM-CSF,Inflammatory,Resting,48,3.0,300.022101243308
GM-CSF,Inflammatory,Resting,48,4.0,331.493411910346
GM-CSF,Inflammatory,Resting,96,1.0,445.770774668452
GM-CSF,Inflammatory,Resting,96,2.0,390.225102858487
GM-CSF,Inflammatory,Resting,96,3.0,100.972352355608
GM-CSF,Inflammatory,Resting,96,4.0,107.756767157507
HGF,Basal,Activated,24,1.0,108.706876384503
HGF,Basal,Activated,24,2.0,95.0858723810124
HGF,Basal,Activated,24,3.0,192.268938629672
HGF,Basal,Activated,24,4.0,215.714725277564
HGF,Basal,Activated,48,1.0,277.017754471395
HGF,Basal,Activated,48,2.0,382.864702913159
HGF,Basal,Activated,48,3.0,351.404370518197
HGF,Basal,Activated,48,4.0,318.379172377876
HGF,Basal,Activated,96,1.0,709.332546668468
HGF,Basal,Activated,96,2.0,379.564922447317
HGF,Basal,Activated,96,3.0,304.527407597597
HGF,Basal,Activated,96,4.0,411.267244423143
HGF,Basal,None,24,,246.02808326740785
HGF,Basal,None,48,,403.8130681687933
HGF,Basal,None,96,,575.0498155427625
HGF,Basal,Resting,24,1.0,118.722220485465
HGF,Basal,Resting,24,2.0,109.953950549709
HGF,Basal,Resting,24,3.0,339.73788285618
HGF,Basal,Resting,24,4.0,343.466758690473
HGF,Basal,Resting,48,1.0,646.690214054574
HGF,Basal,Resting,48,2.0,524.889608912446
HGF,Basal,Resting,48,3.0,373.444617720544
HGF,Basal,Resting,48,4.0,466.752332213764
HGF,Basal,Resting,96,1.0,733.554871096414
HGF,Basal,Resting,96,2.0,703.794493450066
HGF,Basal,Resting,96,3.0,375.797366550547
HGF,Basal,Resting,96,4.0,254.754248439895
HGF,Inflammatory,Activated,24,1.0,773.107989532177
HGF,Inflammatory,Activated,24,2.0,243.019343721363
HGF,Inflammatory,Activated,24,3.0,229.997646333632
HGF,Inflammatory,Activated,24,4.0,2.25880201188843
HGF,Inflammatory,Activated,48,1.0,839.541554569661
HGF,Inflammatory,Activated,48,2.0,721.936969942658
HGF,Inflammatory,Activated,48,3.0,246.173229683857
HGF,Inflammatory,Activated,48,4.0,260.642405995566
HGF,Inflammatory,Activated,96,1.0,180.432214468881
HGF,Inflammatory,Activated,96,2.0,870.412575087323
HGF,Inflammatory,Activated,96,3.0,327.184040713673
HGF,Inflammatory,Activated,96,4.0,724.46082793176
HGF,Inflammatory,None,24,,250.11093537020975
HGF,Inflammatory,None,48,,830.839589816334
HGF,Inflammatory,None,96,,694.752136546712
HGF,Inflammatory,Resting,24,1.0,170.409875040164
HGF,Inflammatory,Resting,24,2.0,187.876201670886
HGF,Inflammatory,Resting,24,3.0,125.446623376218
HGF,Inflammatory,Resting,24,4.0,249.782668788838
HGF,Inflammatory,Resting,48,1.0,322.083494116895
HGF,Inflammatory,Resting,48,2.0,492.824765414692
HGF,Inflammatory,Resting,48,3.0,309.137671819079
HGF,Inflammatory,Resting,48,4.0,333.222445980955
HGF,Inflammatory,Resting,96,1.0,580.271401783104
HGF,Inflammatory,Resting,96,2.0,484.117406114989
HGF,Inflammatory,Resting,96,3.0,212.602764583131
HGF,Inflammatory,Resting,96,4.0,237.173099668204
IFN-alpha,Basal,Activated,24,1.0,1.6355541763131
IFN-alpha,Basal,Activated,24,2.0,1.6355541763131
IFN-alpha,Basal,Activated,24,3.0,2.49306655560339
IFN-alpha,Basal,Activated,24,4.0,3.39067204752085
IFN-alpha,Basal,Activated,48,1.0,2.60328960222323
IFN-alpha,Basal,Activated,48,2.0,7.00126633027046
IFN-alpha,Basal,Activated,48,3.0,4.31999114600562
IFN-alpha,Basal,Activated,48,4.0,5.15494716259666
IFN-alpha,Basal,Activated,96,1.0,9.30158562046329
IFN-alpha,Basal,Activated,96,2.0,8.52567791653428
IFN-alpha,Basal,Activated,96,3.0,5.64014075502039
IFN-alpha,Basal,Activated,96,4.0,7.12680808791444
IFN-alpha,Basal,None,24,,3.4082239523021327
IFN-alpha,Basal,None,48,,2.5512751868980326
IFN-alpha,Basal,None,96,,6.995251488553702
IFN-alpha,Basal,Resting,24,1.0,2.27449725105982
IFN-alpha,Basal,Resting,24,2.0,4.08501297942328
IFN-alpha,Basal,Resting,24,3.0,6.00759249571573
IFN-alpha,Basal,Resting,24,4.0,6.00759249571573
IFN-alpha,Basal,Resting,48,1.0,8.39721064123075
IFN-alpha,Basal,Resting,48,2.0,7.00126633027046
IFN-alpha,Basal,Resting,48,3.0,7.75868814327682
IFN-alpha,Basal,Resting,48,4.0,7.2526327146629
IFN-alpha,Basal,Resting,96,1.0,9.17167314741657
IFN-alpha,Basal,Resting,96,2.0,9.17167314741657
IFN-alpha,Basal,Resting,96,3.0,8.91255395151225
IFN-alpha,Basal,Resting,96,4.0,4.31999114600562
IFN-alpha,Inflammatory,Activated,24,1.0,10.8779817972319
IFN-alpha,Inflammatory,Activated,24,2.0,9.56210410043892
IFN-alpha,Inflammatory,Activated,24,3.0,8.52567791653428
IFN-alpha,Inflammatory,Activated,24,4.0,1.06995884773663
IFN-alpha,Inflammatory,Activated,48,1.0,10.3490422868759
IFN-alpha,Inflammatory,Activated,48,2.0,10.8779817972319
IFN-alpha,Inflammatory,Activated,48,3.0,7.00126633027046
IFN-alpha,Inflammatory,Activated,48,4.0,8.01332245207004
IFN-alpha,Inflammatory,Activated,96,1.0,9.17167314741657
IFN-alpha,Inflammatory,Activated,96,2.0,11.0107375639755
IFN-alpha,Inflammatory,Activated,96,3.0,11.410225132276
IFN-alpha,Inflammatory,Activated,96,4.0,8.26899370291263
IFN-alpha,Inflammatory,None,24,,8.572144743648105
IFN-alpha,Inflammatory,None,48,,9.534336722199658
IFN-alpha,Inflammatory,None,96,,7.699879206642785
IFN-alpha,Inflammatory,Resting,24,1.0,8.65439271386776
IFN-alpha,Inflammatory,Resting,24,2.0,6.62637652414214
IFN-alpha,Inflammatory,Resting,24,3.0,10.3490422868759
IFN-alpha,Inflammatory,Resting,24,4.0,8.91255395151225
IFN-alpha,Inflammatory,Resting,48,1.0,8.26899370291263
IFN-alpha,Inflammatory,Resting,48,2.0,9.0419950912895
IFN-alpha,Inflammatory,Resting,48,3.0,11.1436979168078
IFN-alpha,Inflammatory,Resting,48,4.0,9.56210410043892
IFN-alpha,Inflammatory,Resting,96,1.0,9.30158562046329
IFN-alpha,Inflammatory,Resting,96,2.0,10.613091485808
IFN-alpha,Inflammatory,Resting,96,3.0,2.93748034652692
IFN-alpha,Inflammatory,Resting,96,4.0,3.27660356032444
IFN-gamma,Basal,Activated,24,1.0,10.5655380876202
IFN-gamma,Basal,Activated,24,2.0,7.34035036265858
IFN-gamma,Basal,Activated,24,3.0,17.6371195706917
IFN-gamma,Basal,Activated,24,4.0,29.7130840304859
IFN-gamma,Basal,Activated,48,1.0,21.898908494929
IFN-gamma,Basal,Activated,48,2.0,24.0525420535987
IFN-gamma,Basal,Activated,48,3.0,21.4699062801537
IFN-gamma,Basal,Activated,48,4.0,35.8945193296809
IFN-gamma,Basal,Activated,96,1.0,425.302465789139
IFN-gamma,Basal,Activated,96,2.0,367.503851418898
IFN-gamma,Basal,Activated,96,3.0,360.191062889602
IFN-gamma,Basal,Activated,96,4.0,274.32722670247
IFN-gamma,Basal,None,24,,11.215422464446945
IFN-gamma,Basal,None,48,,15.9549099410932
IFN-gamma,Basal,None,96,,19.3474861025209
IFN-gamma,Basal,Resting,24,1.0,413.696214559346
IFN-gamma,Basal,Resting,24,2.0,187.830935157428
IFN-gamma,Basal,Resting,24,3.0,204.84163429679
IFN-gamma,Basal,Resting,24,4.0,419.496538189351
IFN-gamma,Basal,Resting,48,1.0,166.471736574957
IFN-gamma,Basal,Resting,48,2.0,279.452007316129
IFN-gamma,Basal,Resting,48,3.0,304.656515172871
IFN-gamma,Basal,Resting,48,4.0,448.580921671968
IFN-gamma,Basal,Resting,96,1.0,41.7023041165565
IFN-gamma,Basal,Resting,96,2.0,30.1518492061872
IFN-gamma,Basal,Resting,96,3.0,27.526154245703
IFN-gamma,Basal,Resting,96,4.0,34.5631734522785
IFN-gamma,Inflammatory,Activated,24,1.0,159.557558538588
IFN-gamma,Inflammatory,Activated,24,2.0,48.9281723531017
IFN-gamma,Inflammatory,Activated,24,3.0,60.8273932562588
IFN-gamma,Inflammatory,Activated,24,4.0,4.95656149977138
IFN-gamma,Inflammatory,Activated,48,1.0,183.84365573172
IFN-gamma,Inflammatory,Activated,48,2.0,397.906180001038
IFN-gamma,Inflammatory,Activated,48,3.0,371.687166023034
IFN-gamma,Inflammatory,Activated,48,4.0,451.761900644492
IFN-gamma,Inflammatory,Activated,96,1.0,249.823160588702
IFN-gamma,Inflammatory,Activated,96,2.0,177.377233794321
IFN-gamma,Inflammatory,Activated,96,3.0,501.795696040882
IFN-gamma,Inflammatory,Activated,96,4.0,164.49417349403
IFN-gamma,Inflammatory,None,24,,28.224312034515677
IFN-gamma,Inflammatory,None,48,,30.932618214617374
IFN-gamma,Inflammatory,None,96,,28.47196927555459
IFN-gamma,Inflammatory,Resting,24,1.0,29.2747706807257
IFN-gamma,Inflammatory,Resting,24,2.0,20.1865273327802
IFN-gamma,Inflammatory,Resting,24,3.0,25.3512974964366
IFN-gamma,Inflammatory,Resting,24,4.0,181.354659955036
IFN-gamma,Inflammatory,Resting,48,1.0,32.7936213673108
IFN-gamma,Inflammatory,Resting,48,2.0,30.1518492061872
IFN-gamma,Inflammatory,Resting,48,3.0,35.4503478107571
IFN-gamma,Inflammatory,Resting,48,4.0,43.5011339802565
IFN-gamma,Inflammatory,Resting,96,1.0,34.5631734522785
IFN-gamma,Inflammatory,Resting,96,2.0,31.4707997811342
IFN-gamma,Inflammatory,Resting,96,3.0,22.3284982041942
IFN-gamma,Inflammatory,Resting,96,4.0,23.6206965402407
IL-10,Basal,Activated,24,1.0,5.09494449386164
IL-10,Basal,Activated,24,2.0,5.72137838772561
IL-10,Basal,Activated,24,3.0,74.7123156108008
IL-10,Basal,Activated,24,4.0,91.5380788149829
IL-10,Basal,Activated,48,1.0,16.0832687841821
IL-10,Basal,Activated,48,2.0,43.5751017846899
IL-10,Basal,Activated,48,3.0,93.657679238248
IL-10,Basal,Activated,48,4.0,116.605625630895
IL-10,Basal,Activated,96,1.0,107.393057115101
IL-10,Basal,Activated,96,2.0,134.713939139389
IL-10,Basal,Activated,96,3.0,91.6894303399115
IL-10,Basal,Activated,96,4.0,82.4711561795677
IL-10,Basal,None,24,,5.7594764424027005
IL-10,Basal,None,48,,3.454428624536955
IL-10,Basal,None,96,,5.364078549778495
IL-10,Basal,Resting,24,1.0,95.9302814284641
IL-10,Basal,Resting,24,2.0,51.4414740361057
IL-10,Basal,Resting,24,3.0,77.4215344238785
IL-10,Basal,Resting,24,4.0,113.100602932632
IL-10,Basal,Resting,48,1.0,94.1878060919173
IL-10,Basal,Resting,48,2.0,108.38171576977
IL-10,Basal,Resting,48,3.0,129.66301821636
IL-10,Basal,Resting,48,4.0,118.435625220912
IL-10,Basal,Resting,96,1.0,65.3286473860652
IL-10,Basal,Resting,96,2.0,52.7809751738059
IL-10,Basal,Resting,96,3.0,44.9081368049772
IL-10,Basal,Resting,96,4.0,77.3462397361506
IL-10,Inflammatory,Activated,24,1.0,112.719820948298
IL-10,Inflammatory,Activated,24,2.0,67.0523982251771
IL-10,Inflammatory,Activated,24,3.0,112.643669271804
IL-10,Inflammatory,Activated,24,4.0,0.475537265660722
IL-10,Inflammatory,Activated,48,1.0,91.9921558949762
IL-10,Inflammatory,Activated,48,2.0,127.827835574056
IL-10,Inflammatory,Activated,48,3.0,107.317017892839
IL-10,Inflammatory,Activated,48,4.0,95.0210438501827
IL-10,Inflammatory,Activated,96,1.0,108.685973820576
IL-10,Inflammatory,Activated,96,2.0,99.1146447007522
IL-10,Inflammatory,Activated,96,3.0,125.305803379049
IL-10,Inflammatory,Activated,96,4.0,115.386115534204
IL-10,Inflammatory,None,24,,71.69227834701103
IL-10,Inflammatory,None,48,,15.874650664320836
IL-10,Inflammatory,None,96,,9.827411235766963
IL-10,Inflammatory,Resting,24,1.0,41.799600170571
IL-10,Inflammatory,Resting,24,2.0,58.2981387741123
IL-10,Inflammatory,Resting,24,3.0,75.5398269302503
IL-10,Inflammatory,Resting,24,4.0,98.12867382582
IL-10,Inflammatory,Resting,48,1.0,52.9298711863962
IL-10,Inflammatory,Resting,48,2.0,69.3777917917494
IL-10,Inflammatory,Resting,48,3.0,99.4180800978291
IL-10,Inflammatory,Resting,48,4.0,102.757700678659
IL-10,Inflammatory,Resting,96,1.0,40.0263236598327
IL-10,Inflammatory,Resting,96,2.0,35.8978656305752
IL-10,Inflammatory,Resting,96,3.0,24.7677565484596
IL-10,Inflammatory,Resting,96,4.0,28.1960610288841
IL-12/IL-23p40,Basal,Activated,24,1.0,231.894606910593
IL-12/IL-23p40,Basal,Activated,24,2.0,176.786167559256
IL-12/IL-23p40,Basal,Activated,24,3.0,668.745415807609
IL-12/IL-23p40,Basal,Activated,24,4.0,867.575882170907
IL-12/IL-23p40,Basal,Activated,48,1.0,167.58257559052
IL-12/IL-23p40,Basal,Activated,48,2.0,305.128550665462
IL-12/IL-23p40,Basal,Activated,48,3.0,939.732734818086
IL-12/IL-23p40,Basal,Activated,48,4.0,1011.82209310756
IL-12/IL-23p40,Basal,Activated,96,1.0,867.575882170907
IL-12/IL-23p40,Basal,Activated,96,2.0,939.732734818086
IL-12/IL-23p40,Basal,Activated,96,3.0,885.621722174443
IL-12/IL-23p40,Basal,Activated,96,4.0,795.345765959391
IL-12/IL-23p40,Basal,None,24,,217.96167599530702
IL-12/IL-23p40,Basal,None,48,,139.81984693990051
IL-12/IL-23p40,Basal,None,96,,190.45850637979726
IL-12/IL-23p40,Basal,Resting,24,1.0,378.1468869439
IL-12/IL-23p40,Basal,Resting,24,2.0,903.663083840333
IL-12/IL-23p40,Basal,Resting,24,3.0,350.787129026533
IL-12/IL-23p40,Basal,Resting,24,4.0,550.925659306709
IL-12/IL-23p40,Basal,Resting,48,1.0,1056.84588781042
IL-12/IL-23p40,Basal,Resting,48,2.0,1101.84632271916
IL-12/IL-23p40,Basal,Resting,48,3.0,1101.84632271916
IL-12/IL-23p40,Basal,Resting,48,4.0,1065.84781109554
IL-12/IL-23p40,Basal,Resting,96,1.0,523.694994536168
IL-12/IL-23p40,Basal,Resting,96,2.0,614.401486478414
IL-12/IL-23p40,Basal,Resting,96,3.0,396.373221605558
IL-12/IL-23p40,Basal,Resting,96,4.0,341.661526122847
IL-12/IL-23p40,Inflammatory,Activated,24,1.0,1011.82209310756
IL-12/IL-23p40,Inflammatory,Activated,24,2.0,614.401486478414
IL-12/IL-23p40,Inflammatory,Activated,24,3.0,1083.84888752509
IL-12/IL-23p40,Inflammatory,Activated,24,4.0,54.6090534979424
IL-12/IL-23p40,Inflammatory,Activated,48,1.0,831.470381185437
IL-12/IL-23p40,Inflammatory,Activated,48,2.0,1173.80084016978
IL-12/IL-23p40,Inflammatory,Activated,48,3.0,1146.82437519137
IL-12/IL-23p40,Inflammatory,Activated,48,4.0,759.201146070103
IL-12/IL-23p40,Inflammatory,Activated,96,1.0,939.732734818086
IL-12/IL-23p40,Inflammatory,Activated,96,2.0,1191.78094449412
IL-12/IL-23p40,Inflammatory,Activated,96,3.0,1209.75774502398
IL-12/IL-23p40,Inflammatory,Activated,96,4.0,1002.81443887399
IL-12/IL-23p40,Inflammatory,None,24,,882.6133399867607
IL-12/IL-23p40,Inflammatory,None,48,,519.036827494671
IL-12/IL-23p40,Inflammatory,None,96,,362.06640052229625
IL-12/IL-23p40,Inflammatory,Resting,24,1.0,460.087932854059
IL-12/IL-23p40,Inflammatory,Resting,24,2.0,885.621722174443
IL-12/IL-23p40,Inflammatory,Resting,24,3.0,957.761196549075
IL-12/IL-23p40,Inflammatory,Resting,24,4.0,441.895397107642
IL-12/IL-23p40,Inflammatory,Resting,48,1.0,369.029736263102
IL-12/IL-23p40,Inflammatory,Resting,48,2.0,387.261360546139
IL-12/IL-23p40,Inflammatory,Resting,48,3.0,1011.82209310756
IL-12/IL-23p40,Inflammatory,Resting,48,4.0,1209.75774502398
IL-12/IL-23p40,Inflammatory,Resting,96,1.0,587.207852595137
IL-12/IL-23p40,Inflammatory,Resting,96,2.0,659.691952235625
IL-12/IL-23p40,Inflammatory,Resting,96,3.0,405.482531636585
IL-12/IL-23p40,Inflammatory,Resting,96,4.0,314.266556134949
IL-13,Basal,Activated,24,1.0,58.509373571102
IL-13,Basal,Activated,24,2.0,58.509373571102
IL-13,Basal,Activated,24,3.0,58.509373571102
IL-13,Basal,Activated,24,4.0,76.153276122877
IL-13,Basal,Activated,48,1.0,58.509373571102
IL-13,Basal,Activated,48,2.0,58.509373571102
IL-13,Basal,Activated,48,3.0,58.509373571102
IL-13,Basal,Activated,48,4.0,58.509373571102
IL-13,Basal,Activated,96,1.0,25.7136791451341
IL-13,Basal,Activated,96,2.0,58.509373571102
IL-13,Basal,Activated,96,3.0,58.509373571102
IL-13,Basal,Activated,96,4.0,58.509373571102
IL-13,Basal,None,24,,38.42137948356213
IL-13,Basal,None,48,,46.6203030900541
IL-13,Basal,None,96,,26.532309002514225
IL-13,Basal,Resting,24,1.0,58.509373571102
IL-13,Basal,Resting,24,2.0,58.509373571102
IL-13,Basal,Resting,24,3.0,58.509373571102
IL-13,Basal,Resting,24,4.0,58.509373571102
IL-13,Basal,Resting,48,1.0,58.509373571102
IL-13,Basal,Resting,48,2.0,58.509373571102
IL-13,Basal,Resting,48,3.0,58.509373571102
IL-13,Basal,Resting,48,4.0,58.509373571102
IL-13,Basal,Resting,96,1.0,10.9530916469104
IL-13,Basal,Resting,96,2.0,58.509373571102
IL-13,Basal,Resting,96,3.0,10.9530916469104
IL-13,Basal,Resting,96,4.0,58.509373571102
IL-13,Inflammatory,Activated,24,1.0,38.3304284554441
IL-13,Inflammatory,Activated,24,2.0,18.7471069382922
IL-13,Inflammatory,Activated,24,3.0,10.9530916469104
IL-13,Inflammatory,Activated,24,4.0,49.8870269297543
IL-13,Inflammatory,Activated,48,1.0,58.509373571102
IL-13,Inflammatory,Activated,48,2.0,58.509373571102
IL-13,Inflammatory,Activated,48,3.0,58.509373571102
IL-13,Inflammatory,Activated,48,4.0,38.3304284554441
IL-13,Inflammatory,Activated,96,1.0,58.509373571102
IL-13,Inflammatory,Activated,96,2.0,58.509373571102
IL-13,Inflammatory,Activated,96,3.0,58.509373571102
IL-13,Inflammatory,Activated,96,4.0,58.509373571102
IL-13,Inflammatory,None,24,,25.177719598155676
IL-13,Inflammatory,None,48,,45.26571368569555
IL-13,Inflammatory,None,96,,41.57556681113962
IL-13,Inflammatory,Resting,24,1.0,58.509373571102
IL-13,Inflammatory,Resting,24,2.0,58.509373571102
IL-13,Inflammatory,Resting,24,3.0,10.9530916469104
IL-13,Inflammatory,Resting,24,4.0,58.509373571102
IL-13,Inflammatory,Resting,48,1.0,58.509373571102
IL-13,Inflammatory,Resting,48,2.0,10.9530916469104
IL-13,Inflammatory,Resting,48,3.0,58.509373571102
IL-13,Inflammatory,Resting,48,4.0,58.509373571102
IL-13,Inflammatory,Resting,96,1.0,58.509373571102
IL-13,Inflammatory,Resting,96,2.0,58.509373571102
IL-13,Inflammatory,Resting,96,3.0,58.509373571102
IL-13,Inflammatory,Resting,96,4.0,58.509373571102
IL-15,Basal,Activated,24,1.0,0.585276634659351
IL-15,Basal,Activated,24,2.0,0.0482951117424928
IL-15,Basal,Activated,24,3.0,0.200387107458091
IL-15,Basal,Activated,24,4.0,0.280612620709411
IL-15,Basal,Activated,48,1.0,0.0482951117424928
IL-15,Basal,Activated,48,2.0,0.0482951117424928
IL-15,Basal,Activated,48,3.0,0.280612620709411
IL-15,Basal,Activated,48,4.0,0.200387107458091
IL-15,Basal,Activated,96,1.0,0.0482951117424928
IL-15,Basal,Activated,96,2.0,0.362575351905607
IL-15,Basal,Activated,96,3.0,0.362575351905607
IL-15,Basal,Activated,96,4.0,0.0482951117424928
IL-15,Basal,None,24,,0.2609905468828
IL-15,Basal,None,48,,0.20291116964107045
IL-15,Basal,None,96,,0.3639958009375067
IL-15,Basal,Resting,24,1.0,0.200387107458091
IL-15,Basal,Resting,24,2.0,0.280612620709411
IL-15,Basal,Resting,24,3.0,0.200387107458091
IL-15,Basal,Resting,24,4.0,0.200387107458091
IL-15,Basal,Resting,48,1.0,0.200387107458091
IL-15,Basal,Resting,48,2.0,0.585276634659351
IL-15,Basal,Resting,48,3.0,0.530445392480722
IL-15,Basal,Resting,48,4.0,0.530445392480722
IL-15,Basal,Resting,96,1.0,0.200387107458091
IL-15,Basal,Resting,96,2.0,0.122499457697957
IL-15,Basal,Resting,96,3.0,0.200387107458091
IL-15,Basal,Resting,96,4.0,0.0482951117424928
IL-15,Inflammatory,Activated,24,1.0,0.0482951117424928
IL-15,Inflammatory,Activated,24,2.0,0.200387107458091
IL-15,Inflammatory,Activated,24,3.0,0.702365544634908
IL-15,Inflammatory,Activated,24,4.0,0.530445392480722
IL-15,Inflammatory,Activated,48,1.0,0.200387107458091
IL-15,Inflammatory,Activated,48,2.0,0.122499457697957
IL-15,Inflammatory,Activated,48,3.0,0.362575351905607
IL-15,Inflammatory,Activated,48,4.0,0.445928677419865
IL-15,Inflammatory,Activated,96,1.0,0.200387107458091
IL-15,Inflammatory,Activated,96,2.0,0.585276634659351
IL-15,Inflammatory,Activated,96,3.0,0.530445392480722
IL-15,Inflammatory,Activated,96,4.0,0.200387107458091
IL-15,Inflammatory,None,24,,0.4884778823369432
IL-15,Inflammatory,None,48,,0.4405094530045073
IL-15,Inflammatory,None,96,,0.3273932510405069
IL-15,Inflammatory,Resting,24,1.0,0.362575351905607
IL-15,Inflammatory,Resting,24,2.0,0.362575351905607
IL-15,Inflammatory,Resting,24,3.0,0.200387107458091
IL-15,Inflammatory,Resting,24,4.0,0.702365544634908
IL-15,Inflammatory,Resting,48,1.0,0.0482951117424928
IL-15,Inflammatory,Resting,48,2.0,0.362575351905607
IL-15,Inflammatory,Resting,48,3.0,0.530445392480722
IL-15,Inflammatory,Resting,48,4.0,0.200387107458091
IL-15,Inflammatory,Resting,96,1.0,0.0482951117424928
IL-15,Inflammatory,Resting,96,2.0,0.0482951117424928
IL-15,Inflammatory,Resting,96,3.0,0.585276634659351
IL-15,Inflammatory,Resting,96,4.0,0.362575351905607
IL-17,Basal,Activated,24,1.0,2.05918871151665
IL-17,Basal,Activated,24,2.0,1.47774371826612
IL-17,Basal,Activated,24,3.0,2.65677662251271
IL-17,Basal,Activated,24,4.0,3.88915531868945
IL-17,Basal,Activated,48,1.0,4.52043912649831
IL-17,Basal,Activated,48,2.0,3.26744609746317
IL-17,Basal,Activated,48,3.0,2.35618781745666
IL-17,Basal,Activated,48,4.0,4.52043912649831
IL-17,Basal,Activated,96,1.0,5.80754779618935
IL-17,Basal,Activated,96,2.0,19.753775088791
IL-17,Basal,Activated,96,3.0,5.16019186300072
IL-17,Basal,Activated,96,4.0,3.88915531868945
IL-17,Basal,None,24,,1.8263677857122698
IL-17,Basal,None,48,,2.3579826670146797
IL-17,Basal,None,96,,2.5198471997890324
IL-17,Basal,Resting,24,1.0,16.4924692793111
IL-17,Basal,Resting,24,2.0,16.1336386881692
IL-17,Basal,Resting,24,3.0,16.8520393879153
IL-17,Basal,Resting,24,4.0,9.13769834109635
IL-17,Basal,Resting,48,1.0,32.4960463021068
IL-17,Basal,Resting,48,2.0,7.12240302760624
IL-17,Basal,Resting,48,3.0,27.1780951326033
IL-17,Basal,Resting,48,4.0,9.13769834109635
IL-17,Basal,Resting,96,1.0,5.16019186300072
IL-17,Basal,Resting,96,2.0,3.88915531868945
IL-17,Basal,Resting,96,3.0,3.26744609746317
IL-17,Basal,Resting,96,4.0,2.65677662251271
IL-17,Inflammatory,Activated,24,1.0,25.6758260501846
IL-17,Inflammatory,Activated,24,2.0,18.2974653024917
IL-17,Inflammatory,Activated,24,3.0,14.3510632193572
IL-17,Inflammatory,Activated,24,4.0,1.48148148148148
IL-17,Inflammatory,Activated,48,1.0,27.9322117003086
IL-17,Inflammatory,Activated,48,2.0,19.753775088791
IL-17,Inflammatory,Activated,48,3.0,8.46072927215404
IL-17,Inflammatory,Activated,48,4.0,7.12240302760624
IL-17,Inflammatory,Activated,96,1.0,16.8520393879153
IL-17,Inflammatory,Activated,96,2.0,21.9572331371867
IL-17,Inflammatory,Activated,96,3.0,11.8907895815151
IL-17,Inflammatory,Activated,96,4.0,23.438049118544
IL-17,Inflammatory,None,24,,3.7489915174744275
IL-17,Inflammatory,None,48,,3.9771744911919273
IL-17,Inflammatory,None,96,,3.9012134273687273
IL-17,Inflammatory,Resting,24,1.0,1.47774371826612
IL-17,Inflammatory,Resting,24,2.0,2.65677662251271
IL-17,Inflammatory,Resting,24,3.0,1.47774371826612
IL-17,Inflammatory,Resting,24,4.0,17.57334732468
IL-17,Inflammatory,Resting,48,1.0,2.65677662251271
IL-17,Inflammatory,Resting,48,2.0,3.26744609746317
IL-17,Inflammatory,Resting,48,3.0,3.26744609746317
IL-17,Inflammatory,Resting,48,4.0,5.16019186300072
IL-17,Inflammatory,Resting,96,1.0,7.12240302760624
IL-17,Inflammatory,Resting,96,2.0,5.48296633294979
IL-17,Inflammatory,Resting,96,3.0,5.16019186300072
IL-17,Inflammatory,Resting,96,4.0,4.52043912649831
IL-1RA,Basal,Activated,24,1.0,7.23323027040273
IL-1RA,Basal,Activated,24,2.0,5.73557546996184
IL-1RA,Basal,Activated,24,3.0,669.422909824887
IL-1RA,Basal,Activated,24,4.0,5620.0
IL-1RA,Basal,Activated,48,1.0,1998.07290865815
IL-1RA,Basal,Activated,48,2.0,1798.63821534636
IL-1RA,Basal,Activated,48,3.0,975.489501990847
IL-1RA,Basal,Activated,48,4.0,5620.0
IL-1RA,Basal,Activated,96,1.0,448.300564640983
IL-1RA,Basal,Activated,96,2.0,230.021812029078
IL-1RA,Basal,Activated,96,3.0,399.998711897689
IL-1RA,Basal,Activated,96,4.0,352.166754740939
IL-1RA,Basal,None,24,,11.397589906144404
IL-1RA,Basal,None,48,,15.8480779764554
IL-1RA,Basal,None,96,,24.480465391995452
IL-1RA,Basal,Resting,24,1.0,52.5115962016445
IL-1RA,Basal,Resting,24,2.0,73.2001325463808
IL-1RA,Basal,Resting,24,3.0,144.578669840892
IL-1RA,Basal,Resting,24,4.0,444.08286807891
IL-1RA,Basal,Resting,48,1.0,242.03857182004
IL-1RA,Basal,Resting,48,2.0,491.714107271015
IL-1RA,Basal,Resting,48,3.0,230.021812029078
IL-1RA,Basal,Resting,48,4.0,689.069810838016
IL-1RA,Basal,Resting,96,1.0,2187.35043036264
IL-1RA,Basal,Resting,96,2.0,2121.17398033492
IL-1RA,Basal,Resting,96,3.0,1976.91836287576
IL-1RA,Basal,Resting,96,4.0,5620.0
IL-1RA,Inflammatory,Activated,24,1.0,214.07850802178
IL-1RA,Inflammatory,Activated,24,2.0,230.021812029078
IL-1RA,Inflammatory,Activated,24,3.0,421.993989941825
IL-1RA,Inflammatory,Activated,24,4.0,2.56973022405121
IL-1RA,Inflammatory,Activated,48,1.0,240.032359206585
IL-1RA,Inflammatory,Activated,48,2.0,451.465959392144
IL-1RA,Inflammatory,Activated,48,3.0,634.61437829664
IL-1RA,Inflammatory,Activated,48,4.0,902.52802779954
IL-1RA,Inflammatory,Activated,96,1.0,348.031283201898
IL-1RA,Inflammatory,Activated,96,2.0,200.206234568816
IL-1RA,Inflammatory,Activated,96,3.0,903.646594751578
IL-1RA,Inflammatory,Activated,96,4.0,188.377075581398
IL-1RA,Inflammatory,None,24,,35.23657205377478
IL-1RA,Inflammatory,None,48,,42.421925667115175
IL-1RA,Inflammatory,None,96,,32.658155375784254
IL-1RA,Inflammatory,Resting,24,1.0,17.4629519627034
IL-1RA,Inflammatory,Resting,24,2.0,38.4897652985375
IL-1RA,Inflammatory,Resting,24,3.0,329.47146335474
IL-1RA,Inflammatory,Resting,24,4.0,291.590112374456
IL-1RA,Inflammatory,Resting,48,1.0,1405.0113485018
IL-1RA,Inflammatory,Resting,48,2.0,1499.07180436971
IL-1RA,Inflammatory,Resting,48,3.0,1279.28294903282
IL-1RA,Inflammatory,Resting,48,4.0,5620.0
IL-1RA,Inflammatory,Resting,96,1.0,1718.66078915951
IL-1RA,Inflammatory,Resting,96,2.0,1183.60161399701
IL-1RA,Inflammatory,Resting,96,3.0,2060.6272693109
IL-1RA,Inflammatory,Resting,96,4.0,2263.22635849125
IL-1beta,Basal,Activated,24,1.0,2.34045659450039
IL-1beta,Basal,Activated,24,2.0,2.34045659450039
IL-1beta,Basal,Activated,24,3.0,4.96150719237312
IL-1beta,Basal,Activated,24,4.0,6.62209499247473
IL-1beta,Basal,Activated,48,1.0,14.3926675423722
IL-1beta,Basal,Activated,48,2.0,25.4320206014075
IL-1beta,Basal,Activated,48,3.0,5.6240753169958
IL-1beta,Basal,Activated,48,4.0,8.2950369607609
IL-1beta,Basal,Activated,96,1.0,1776.23019318771
IL-1beta,Basal,Activated,96,2.0,20.5765939537476
IL-1beta,Basal,Activated,96,3.0,20.2311986119638
IL-1beta,Basal,Activated,96,4.0,18.5072946487302
IL-1beta,Basal,None,24,,1740.2092167689725
IL-1beta,Basal,None,48,,4.7152487927940525
IL-1beta,Basal,None,96,,1017.4253568895398
IL-1beta,Basal,Resting,24,1.0,11.3310124801234
IL-1beta,Basal,Resting,24,2.0,10.9923097864415
IL-1beta,Basal,Resting,24,3.0,10.9923097864415
IL-1beta,Basal,Resting,24,4.0,21.2679789849342
IL-1beta,Basal,Resting,48,1.0,144.623477746465
IL-1beta,Basal,Resting,48,2.0,25.4320206014075
IL-1beta,Basal,Resting,48,3.0,21.2679789849342
IL-1beta,Basal,Resting,48,4.0,37.3566630507843
IL-1beta,Basal,Resting,96,1.0,7573.77874032719
IL-1beta,Basal,Resting,96,2.0,7352.41222077345
IL-1beta,Basal,Resting,96,3.0,38.0632530518277
IL-1beta,Basal,Resting,96,4.0,6.28890152718487
IL-1beta,Inflammatory,Activated,24,1.0,2131.85727559029
IL-1beta,Inflammatory,Activated,24,2.0,3611.24460029589
IL-1beta,Inflammatory,Activated,24,3.0,165.566373129174
IL-1beta,Inflammatory,Activated,24,4.0,1.91129401005944
IL-1beta,Inflammatory,Activated,48,1.0,3584.2315050364
IL-1beta,Inflammatory,Activated,48,2.0,2552.73375054009
IL-1beta,Inflammatory,Activated,48,3.0,150.314797411947
IL-1beta,Inflammatory,Activated,48,4.0,138.192158523612
IL-1beta,Inflammatory,Activated,96,1.0,48.3651167323631
IL-1beta,Inflammatory,Activated,96,2.0,1984.15237799487
IL-1beta,Inflammatory,Activated,96,3.0,124.265270819932
IL-1beta,Inflammatory,Activated,96,4.0,23.3467260325383
IL-1beta,Inflammatory,None,24,,4055.258861764355
IL-1beta,Inflammatory,None,48,,8706.85463875397
IL-1beta,Inflammatory,None,96,,5633.42876140578
IL-1beta,Inflammatory,Resting,24,1.0,2673.29612648816
IL-1beta,Inflammatory,Resting,24,2.0,2886.53031671071
IL-1beta,Inflammatory,Resting,24,3.0,84.2034767426921
IL-1beta,Inflammatory,Resting,24,4.0,98.9339341746611
IL-1beta,Inflammatory,Resting,48,1.0,7468.94047399149
IL-1beta,Inflammatory,Resting,48,2.0,9175.45027566804
IL-1beta,Inflammatory,Resting,48,3.0,98.5640812652522
IL-1beta,Inflammatory,Resting,48,4.0,107.834063744436
IL-1beta,Inflammatory,Resting,96,1.0,7345.98185937054
IL-1beta,Inflammatory,Resting,96,2.0,6001.39616918248
IL-1beta,Inflammatory,Resting,96,3.0,8.9671592299246
IL-1beta,Inflammatory,Resting,96,4.0,8.9671592299246
IL-2,Basal,Activated,24,1.0,18.8740904659234
IL-2,Basal,Activated,24,2.0,15.7840669963635
IL-2,Basal,Activated,24,3.0,30.191215599686
IL-2,Basal,Activated,24,4.0,31.0813171393025
IL-2,Basal,Activated,48,1.0,37.3776219927112
IL-2,Basal,Activated,48,2.0,37.6801438597763
IL-2,Basal,Activated,48,3.0,31.0813171393025
IL-2,Basal,Activated,48,4.0,39.5001100218461
IL-2,Basal,Activated,96,1.0,40.1085725846205
IL-2,Basal,Activated,96,2.0,40.1085725846205
IL-2,Basal,Activated,96,3.0,29.3036195537451
IL-2,Basal,Activated,96,4.0,24.0343298460449
IL-2,Basal,None,24,,21.353467216409598
IL-2,Basal,None,48,,29.170060751327526
IL-2,Basal,None,96,,32.19674972094468
IL-2,Basal,Resting,24,1.0,28.1241618324947
IL-2,Basal,Resting,24,2.0,29.8950689049147
IL-2,Basal,Resting,24,3.0,14.9508645473388
IL-2,Basal,Resting,24,4.0,38.2858842053518
IL-2,Basal,Resting,48,1.0,28.7133108876337
IL-2,Basal,Resting,48,2.0,36.7732824787659
IL-2,Basal,Resting,48,3.0,38.2858842053518
IL-2,Basal,Resting,48,4.0,35.8685572298932
IL-2,Basal,Resting,96,1.0,37.3776219927112
IL-2,Basal,Resting,96,2.0,35.8685572298932
IL-2,Basal,Resting,96,3.0,36.4714679393625
IL-2,Basal,Resting,96,4.0,31.6760812551584
IL-2,Inflammatory,Activated,24,1.0,40.1085725846205
IL-2,Inflammatory,Activated,24,2.0,34.9660115800144
IL-2,Inflammatory,Activated,24,3.0,32.2719164622715
IL-2,Inflammatory,Activated,24,4.0,0.687715842111528
IL-2,Inflammatory,Activated,48,1.0,39.8042299975768
IL-2,Inflammatory,Activated,48,2.0,45.9316591837979
IL-2,Inflammatory,Activated,48,3.0,25.1965227770784
IL-2,Inflammatory,Activated,48,4.0,31.6760812551584
IL-2,Inflammatory,Activated,96,1.0,39.5001100218461
IL-2,Inflammatory,Activated,96,2.0,43.1639498638794
IL-2,Inflammatory,Activated,96,3.0,37.3776219927112
IL-2,Inflammatory,Activated,96,4.0,31.3785642894632
IL-2,Inflammatory,None,24,,31.4549523521544
IL-2,Inflammatory,None,48,,44.9038686871127
IL-2,Inflammatory,None,96,,31.2029918007182
IL-2,Inflammatory,Resting,24,1.0,37.6801438597763
IL-2,Inflammatory,Resting,24,2.0,38.8925434617789
IL-2,Inflammatory,Resting,24,3.0,34.6656551718846
IL-2,Inflammatory,Resting,24,4.0,39.1962140421982
IL-2,Inflammatory,Resting,48,1.0,38.2858842053518
IL-2,Inflammatory,Resting,48,2.0,38.2858842053518
IL-2,Inflammatory,Resting,48,3.0,41.3281419735191
IL-2,Inflammatory,Resting,48,4.0,41.3281419735191
IL-2,Inflammatory,Resting,96,1.0,46.5489151372705
IL-2,Inflammatory,Resting,96,2.0,48.0954694952683
IL-2,Inflammatory,Resting,96,3.0,36.4714679393625
IL-2,Inflammatory,Resting,96,4.0,41.3281419735191
IL-4,Basal,Activated,24,1.0,17.0206317122115
IL-4,Basal,Activated,24,2.0,20.2296154660659
IL-4,Basal,Activated,24,3.0,37.6481870033165
IL-4,Basal,Activated,24,4.0,52.0369117883277
IL-4,Basal,Activated,48,1.0,48.8576579083899
IL-4,Basal,Activated,48,2.0,53.2958848629032
IL-4,Basal,Activated,48,3.0,44.3232335350082
IL-4,Basal,Activated,48,4.0,53.2958848629032
IL-4,Basal,Activated,96,1.0,69.697582232011
IL-4,Basal,Activated,96,2.0,58.8791514101408
IL-4,Basal,Activated,96,3.0,54.5479630732068
IL-4,Basal,Activated,96,4.0,55.1714893113694
IL-4,Basal,None,24,,35.417494490162376
IL-4,Basal,None,48,,36.25912930976797
IL-4,Basal,None,96,,55.19996704114605
IL-4,Basal,Resting,24,1.0,32.8081164975645
IL-4,Basal,Resting,24,2.0,36.2809106510465
IL-4,Basal,Resting,24,3.0,36.2809106510465
IL-4,Basal,Resting,24,4.0,52.0369117883277
IL-4,Basal,Resting,48,1.0,57.0323446013994
IL-4,Basal,Resting,48,2.0,56.4136537628245
IL-4,Basal,Resting,48,3.0,62.5331345967159
IL-4,Basal,Resting,48,4.0,57.0323446013994
IL-4,Basal,Resting,96,1.0,74.3790556227197
IL-4,Basal,Resting,96,2.0,70.2866914749867
IL-4,Basal,Resting,96,3.0,57.0323446013994
IL-4,Basal,Resting,96,4.0,48.8576579083899
IL-4,Inflammatory,Activated,24,1.0,73.7977040872546
IL-4,Inflammatory,Activated,24,2.0,64.3414444588672
IL-4,Inflammatory,Activated,24,3.0,76.1168152446964
IL-4,Inflammatory,Activated,24,4.0,2.04846822130773
IL-4,Inflammatory,Activated,48,1.0,77.8453763355924
IL-4,Inflammatory,Activated,48,2.0,76.1168152446964
IL-4,Inflammatory,Activated,48,3.0,54.5479630732068
IL-4,Inflammatory,Activated,48,4.0,66.7342960878569
IL-4,Inflammatory,Activated,96,1.0,69.697582232011
IL-4,Inflammatory,Activated,96,2.0,74.9593500484131
IL-4,Inflammatory,Activated,96,3.0,77.8453763355924
IL-4,Inflammatory,Activated,96,4.0,60.7125514845705
IL-4,Inflammatory,None,24,,65.01617303708079
IL-4,Inflammatory,None,48,,82.6733969463011
IL-4,Inflammatory,None,96,,63.95392542072612
IL-4,Inflammatory,Resting,24,1.0,73.7977040872546
IL-4,Inflammatory,Resting,24,2.0,66.7342960878569
IL-4,Inflammatory,Resting,24,3.0,73.7977040872546
IL-4,Inflammatory,Resting,24,4.0,77.2701925934519
IL-4,Inflammatory,Resting,48,1.0,70.8746521277029
IL-4,Inflammatory,Resting,48,2.0,81.2760779513526
IL-4,Inflammatory,Resting,48,3.0,74.3790556227197
IL-4,Inflammatory,Resting,48,4.0,85.2364467562405
IL-4,Inflammatory,Resting,96,1.0,81.8445556770394
IL-4,Inflammatory,Resting,96,2.0,76.1168152446964
IL-4,Inflammatory,Resting,96,3.0,48.8576579083899
IL-4,Inflammatory,Resting,96,4.0,48.2160778026817
IL-5,Basal,Activated,24,1.0,0.672153635116598
IL-5,Basal,Activated,24,2.0,0.36132713287798
IL-5,Basal,Activated,24,3.0,0.672153635116598
IL-5,Basal,Activated,24,4.0,0.36132713287798
IL-5,Basal,Activated,48,1.0,0.92400435959833
IL-5,Basal,Activated,48,2.0,0.36132713287798
IL-5,Basal,Activated,48,3.0,0.36132713287798
IL-5,Basal,Activated,48,4.0,0.672153635116598
IL-5,Basal,Activated,96,1.0,2.77429354915263
IL-5,Basal,Activated,96,2.0,3.6044751102616
IL-5,Basal,Activated,96,3.0,0.92400435959833
IL-5,Basal,Activated,96,4.0,1.89378526614248
IL-5,Basal,None,24,,0.516740383997289
IL-5,Basal,None,48,,0.516740383997289
IL-5,Basal,None,96,,0.516740383997289
IL-5,Basal,Resting,24,1.0,1.42471609655721
IL-5,Basal,Resting,24,2.0,0.92400435959833
IL-5,Basal,Resting,24,3.0,3.40061605825195
IL-5,Basal,Resting,24,4.0,1.42471609655721
IL-5,Basal,Resting,48,1.0,0.36132713287798
IL-5,Basal,Resting,48,2.0,2.77429354915263
IL-5,Basal,Resting,48,3.0,4.78758071795403
IL-5,Basal,Resting,48,4.0,1.89378526614248
IL-5,Basal,Resting,96,1.0,0.36132713287798
IL-5,Basal,Resting,96,2.0,0.36132713287798
IL-5,Basal,Resting,96,3.0,0.672153635116598
IL-5,Basal,Resting,96,4.0,0.672153635116598
IL-5,Inflammatory,Activated,24,1.0,1.17937593786758
IL-5,Inflammatory,Activated,24,2.0,0.36132713287798
IL-5,Inflammatory,Activated,24,3.0,0.36132713287798
IL-5,Inflammatory,Activated,24,4.0,0.672153635116598
IL-5,Inflammatory,Activated,48,1.0,1.42471609655721
IL-5,Inflammatory,Activated,48,2.0,2.77429354915263
IL-5,Inflammatory,Activated,48,3.0,1.42471609655721
IL-5,Inflammatory,Activated,48,4.0,0.92400435959833
IL-5,Inflammatory,Activated,96,1.0,1.89378526614248
IL-5,Inflammatory,Activated,96,2.0,1.42471609655721
IL-5,Inflammatory,Activated,96,3.0,2.12002798670494
IL-5,Inflammatory,Activated,96,4.0,1.42471609655721
IL-5,Inflammatory,None,24,,0.4390337584376345
IL-5,Inflammatory,None,48,,0.579703065117722
IL-5,Inflammatory,None,96,,0.36132713287798
IL-5,Inflammatory,Resting,24,1.0,0.36132713287798
IL-5,Inflammatory,Resting,24,2.0,0.36132713287798
IL-5,Inflammatory,Resting,24,3.0,0.672153635116598
IL-5,Inflammatory,Resting,24,4.0,2.98575213742199
IL-5,Inflammatory,Resting,48,1.0,0.36132713287798
IL-5,Inflammatory,Resting,48,2.0,0.672153635116598
IL-5,Inflammatory,Resting,48,3.0,0.672153635116598
IL-5,Inflammatory,Resting,48,4.0,0.36132713287798
IL-5,Inflammatory,Resting,96,1.0,0.92400435959833
IL-5,Inflammatory,Resting,96,2.0,0.92400435959833
IL-5,Inflammatory,Resting,96,3.0,0.36132713287798
IL-5,Inflammatory,Resting,96,4.0,0.36132713287798
IL-6,Basal,Activated,24,1.0,416.762615592322
IL-6,Basal,Activated,24,2.0,381.292584712672
IL-6,Basal,Activated,24,3.0,1072.2641790636
IL-6,Basal,Activated,24,4.0,960.0
IL-6,Basal,Activated,48,1.0,446.624622089697
IL-6,Basal,Activated,48,2.0,960.0
IL-6,Basal,Activated,48,3.0,960.0
IL-6,Basal,Activated,48,4.0,960.0
IL-6,Basal,Activated,96,1.0,960.0
IL-6,Basal,Activated,96,2.0,960.0
IL-6,Basal,Activated,96,3.0,960.0
IL-6,Basal,Activated,96,4.0,960.0
IL-6,Basal,None,24,,684.3244060444749
IL-6,Basal,None,48,,483.26123216093424
IL-6,Basal,None,96,,960.0
IL-6,Basal,Resting,24,1.0,960.0
IL-6,Basal,Resting,24,2.0,960.0
IL-6,Basal,Resting,24,3.0,960.0
IL-6,Basal,Resting,24,4.0,960.0
IL-6,Basal,Resting,48,1.0,960.0
IL-6,Basal,Resting,48,2.0,960.0
IL-6,Basal,Resting,48,3.0,960.0
IL-6,Basal,Resting,48,4.0,960.0
IL-6,Basal,Resting,96,1.0,960.0
IL-6,Basal,Resting,96,2.0,960.0
IL-6,Basal,Resting,96,3.0,960.0
IL-6,Basal,Resting,96,4.0,960.0
IL-6,Inflammatory,Activated,24,1.0,960.0
IL-6,Inflammatory,Activated,24,2.0,960.0
IL-6,Inflammatory,Activated,24,3.0,960.0
IL-6,Inflammatory,Activated,24,4.0,0.50748560129423
IL-6,Inflammatory,Activated,48,1.0,960.0
IL-6,Inflammatory,Activated,48,2.0,960.0
IL-6,Inflammatory,Activated,48,3.0,960.0
IL-6,Inflammatory,Activated,48,4.0,960.0
IL-6,Inflammatory,Activated,96,1.0,960.0
IL-6,Inflammatory,Activated,96,2.0,960.0
IL-6,Inflammatory,Activated,96,3.0,960.0
IL-6,Inflammatory,Activated,96,4.0,960.0
IL-6,Inflammatory,None,24,,960.0
IL-6,Inflammatory,None,48,,960.0
IL-6,Inflammatory,None,96,,837.6324806707914
IL-6,Inflammatory,Resting,24,1.0,960.0
IL-6,Inflammatory,Resting,24,2.0,960.0
IL-6,Inflammatory,Resting,24,3.0,960.0
IL-6,Inflammatory,Resting,24,4.0,960.0
IL-6,Inflammatory,Resting,48,1.0,960.0
IL-6,Inflammatory,Resting,48,2.0,960.0
IL-6,Inflammatory,Resting,48,3.0,960.0
IL-6,Inflammatory,Resting,48,4.0,960.0
IL-6,Inflammatory,Resting,96,1.0,960.0
IL-6,Inflammatory,Resting,96,2.0,960.0
IL-6,Inflammatory,Resting,96,3.0,602.485361828802
IL-6,Inflammatory,Resting,96,4.0,620.11877109696
IL-7,Basal,Activated,24,1.0,3.87069157547746
IL-7,Basal,Activated,24,2.0,2.97847171355275
IL-7,Basal,Activated,24,3.0,6.32984621731489
IL-7,Basal,Activated,24,4.0,8.55268313778066
IL-7,Basal,Activated,48,1.0,8.55268313778066
IL-7,Basal,Activated,48,2.0,9.52139507501111
IL-7,Basal,Activated,48,3.0,7.43421799055632
IL-7,Basal,Activated,48,4.0,9.19751991476281
IL-7,Basal,Activated,96,1.0,12.8077177804745
IL-7,Basal,Activated,96,2.0,11.8133362708962
IL-7,Basal,Activated,96,3.0,9.52139507501111
IL-7,Basal,Activated,96,4.0,8.87460627165657
IL-7,Basal,None,24,,5.864341420311087
IL-7,Basal,None,48,,6.408986479521412
IL-7,Basal,None,96,,10.46921197011446
IL-7,Basal,Resting,24,1.0,4.93399316467303
IL-7,Basal,Resting,24,2.0,7.27554640169292
IL-7,Basal,Resting,24,3.0,8.55268313778066
IL-7,Basal,Resting,24,4.0,9.52139507501111
IL-7,Basal,Resting,48,1.0,10.8259884519001
IL-7,Basal,Resting,48,2.0,10.6621503177864
IL-7,Basal,Resting,48,3.0,10.6621503177864
IL-7,Basal,Resting,48,4.0,11.483414280832
IL-7,Basal,Resting,96,1.0,13.1406604371629
IL-7,Basal,Resting,96,2.0,14.4794346534662
IL-7,Basal,Resting,96,3.0,10.4985247632545
IL-7,Basal,Resting,96,4.0,7.75241673259819
IL-7,Inflammatory,Activated,24,1.0,14.8158099129768
IL-7,Inflammatory,Activated,24,2.0,14.8158099129768
IL-7,Inflammatory,Activated,24,3.0,13.4743178850278
IL-7,Inflammatory,Activated,24,4.0,0.0111911508486555
IL-7,Inflammatory,Activated,48,1.0,15.8287699669725
IL-7,Inflammatory,Activated,48,2.0,15.4904893217424
IL-7,Inflammatory,Activated,48,3.0,13.4743178850278
IL-7,Inflammatory,Activated,48,4.0,12.9740988130729
IL-7,Inflammatory,Activated,96,1.0,13.4743178850278
IL-7,Inflammatory,Activated,96,2.0,15.1528321292395
IL-7,Inflammatory,Activated,96,3.0,14.6475406462382
IL-7,Inflammatory,Activated,96,4.0,12.1440391900818
IL-7,Inflammatory,None,24,,13.34266441092987
IL-7,Inflammatory,None,48,,16.19382719010035
IL-7,Inflammatory,None,96,,11.63774638242054
IL-7,Inflammatory,Resting,24,1.0,12.8077177804745
IL-7,Inflammatory,Resting,24,2.0,13.8086753834144
IL-7,Inflammatory,Resting,24,3.0,12.9740988130729
IL-7,Inflammatory,Resting,24,4.0,13.4743178850278
IL-7,Inflammatory,Resting,48,1.0,12.9740988130729
IL-7,Inflammatory,Resting,48,2.0,14.1437188164318
IL-7,Inflammatory,Resting,48,3.0,14.8158099129768
IL-7,Inflammatory,Resting,48,4.0,15.3215820840761
IL-7,Inflammatory,Resting,96,1.0,14.6475406462382
IL-7,Inflammatory,Resting,96,2.0,14.8158099129768
IL-7,Inflammatory,Resting,96,3.0,8.23178140606061
IL-7,Inflammatory,Resting,96,4.0,7.59317643393021
IL-8,Basal,Activated,24,1.0,1164.24264733476
IL-8,Basal,Activated,24,2.0,1215.69016563674
IL-8,Basal,Activated,24,3.0,2893.25936689688
IL-8,Basal,Activated,24,4.0,2950.05871940162
IL-8,Basal,Activated,48,1.0,3757.06940536346
IL-8,Basal,Activated,48,2.0,3508.63358308134
IL-8,Basal,Activated,48,3.0,2003.00542119526
IL-8,Basal,Activated,48,4.0,4199.81703570821
IL-8,Basal,Activated,96,1.0,3472.9738580207
IL-8,Basal,Activated,96,2.0,3508.33577809924
IL-8,Basal,Activated,96,3.0,3152.75345118886
IL-8,Basal,Activated,96,4.0,1545.54299308129
IL-8,Basal,None,24,,1410.7817613450175
IL-8,Basal,None,48,,2420.2019439873848
IL-8,Basal,None,96,,2209.0611132605354
IL-8,Basal,Resting,24,1.0,1037.62371631391
IL-8,Basal,Resting,24,2.0,3125.47781049826
IL-8,Basal,Resting,24,3.0,2390.06617655662
IL-8,Basal,Resting,24,4.0,2663.48859908177
IL-8,Basal,Resting,48,1.0,2725.082416654
IL-8,Basal,Resting,48,2.0,3713.02262324368
IL-8,Basal,Resting,48,3.0,3207.60310794421
IL-8,Basal,Resting,48,4.0,3393.8936982867
IL-8,Basal,Resting,96,1.0,2758.38454919707
IL-8,Basal,Resting,96,2.0,2698.08054151275
IL-8,Basal,Resting,96,3.0,2963.63682378097
IL-8,Basal,Resting,96,4.0,3185.27246233389
IL-8,Inflammatory,Activated,24,1.0,2907.55374696211
IL-8,Inflammatory,Activated,24,2.0,2324.41482495506
IL-8,Inflammatory,Activated,24,3.0,3476.53285343169
IL-8,Inflammatory,Activated,24,4.0,0.411522633744856
IL-8,Inflammatory,Activated,48,1.0,3319.65877482461
IL-8,Inflammatory,Activated,48,2.0,3681.95776129571
IL-8,Inflammatory,Activated,48,3.0,1809.96781793832
IL-8,Inflammatory,Activated,48,4.0,312.515257648498
IL-8,Inflammatory,Activated,96,1.0,3754.61651127451
IL-8,Inflammatory,Activated,96,2.0,3684.08608696585
IL-8,Inflammatory,Activated,96,3.0,3871.57835372952
IL-8,Inflammatory,Activated,96,4.0,2702.88465191908
IL-8,Inflammatory,None,24,,2063.0023277064774
IL-8,Inflammatory,None,48,,2789.562570384165
IL-8,Inflammatory,None,96,,2847.21930745594
IL-8,Inflammatory,Resting,24,1.0,1196.95879275121
IL-8,Inflammatory,Resting,24,2.0,1501.27295208044
IL-8,Inflammatory,Resting,24,3.0,2285.62799737978
IL-8,Inflammatory,Resting,24,4.0,2456.71208973274
IL-8,Inflammatory,Resting,48,1.0,2026.24673735921
IL-8,Inflammatory,Resting,48,2.0,3155.31564247539
IL-8,Inflammatory,Resting,48,3.0,3525.92469177391
IL-8,Inflammatory,Resting,48,4.0,3742.66850907138
IL-8,Inflammatory,Resting,96,1.0,3256.21131288975
IL-8,Inflammatory,Resting,96,2.0,3065.5965909111
IL-8,Inflammatory,Resting,96,3.0,3614.12967514567
IL-8,Inflammatory,Resting,96,4.0,3793.32953748808
TNF-alpha,Basal,Activated,24,1.0,1.86893236093479
TNF-alpha,Basal,Activated,24,2.0,1.50245622528283
TNF-alpha,Basal,Activated,24,3.0,3.6236222499374
TNF-alpha,Basal,Activated,24,4.0,33.5400984692209
TNF-alpha,Basal,Activated,48,1.0,49.8956635694502
TNF-alpha,Basal,Activated,48,2.0,655.838923577399
TNF-alpha,Basal,Activated,48,3.0,4.44601888966976
TNF-alpha,Basal,Activated,48,4.0,20.2240945920749
TNF-alpha,Basal,Activated,96,1.0,1520.0
TNF-alpha,Basal,Activated,96,2.0,94.616445230182
TNF-alpha,Basal,Activated,96,3.0,149.684758050336
TNF-alpha,Basal,Activated,96,4.0,43.5053202060039
TNF-alpha,Basal,None,24,,214.9090056628027
TNF-alpha,Basal,None,48,,3.02531905185228
TNF-alpha,Basal,None,96,,725.0517897818451
TNF-alpha,Basal,Resting,24,1.0,51.187269964196
TNF-alpha,Basal,Resting,24,2.0,38.0650370040556
TNF-alpha,Basal,Resting,24,3.0,54.2176553340462
TNF-alpha,Basal,Resting,24,4.0,160.332222607929
TNF-alpha,Basal,Resting,48,1.0,152.669569201042
TNF-alpha,Basal,Resting,48,2.0,131.61884415533
TNF-alpha,Basal,Resting,48,3.0,58.8783750425856
TNF-alpha,Basal,Resting,48,4.0,304.232033450098
TNF-alpha,Basal,Resting,96,1.0,1412.69348468912
TNF-alpha,Basal,Resting,96,2.0,1686.01514779993
TNF-alpha,Basal,Resting,96,3.0,624.381600138924
TNF-alpha,Basal,Resting,96,4.0,23.5651594891428
TNF-alpha,Inflammatory,Activated,24,1.0,1520.0
TNF-alpha,Inflammatory,Activated,24,2.0,1520.0
TNF-alpha,Inflammatory,Activated,24,3.0,1520.0
TNF-alpha,Inflammatory,Activated,24,4.0,2.6299886683627
TNF-alpha,Inflammatory,Activated,48,1.0,1520.0
TNF-alpha,Inflammatory,Activated,48,2.0,1520.0
TNF-alpha,Inflammatory,Activated,48,3.0,1520.0
TNF-alpha,Inflammatory,Activated,48,4.0,1520.0
TNF-alpha,Inflammatory,Activated,96,1.0,1149.15221186383
TNF-alpha,Inflammatory,Activated,96,2.0,1520.0
TNF-alpha,Inflammatory,Activated,96,3.0,1520.0
TNF-alpha,Inflammatory,Activated,96,4.0,46.4730996530672
TNF-alpha,Inflammatory,None,24,,1350.5136708096416
TNF-alpha,Inflammatory,None,48,,1520.0
TNF-alpha,Inflammatory,None,96,,1140.561297877913
TNF-alpha,Inflammatory,Resting,24,1.0,1520.0
TNF-alpha,Inflammatory,Resting,24,2.0,1520.0
TNF-alpha,Inflammatory,Resting,24,3.0,1520.0
TNF-alpha,Inflammatory,Resting,24,4.0,1520.0
TNF-alpha,Inflammatory,Resting,48,1.0,1013.3896697747
TNF-alpha,Inflammatory,Resting,48,2.0,1520.0
TNF-alpha,Inflammatory,Resting,48,3.0,1520.0
TNF-alpha,Inflammatory,Resting,48,4.0,1520.0
TNF-alpha,Inflammatory,Resting,96,1.0,1028.17040205722
TNF-alpha,Inflammatory,Resting,96,2.0,674.000065788865
TNF-alpha,Inflammatory,Resting,96,3.0,43.6460530942047
TNF-alpha,Inflammatory,Resting,96,4.0,48.1803728777111
VEGF,Basal,Activated,24,1.0,130.160272783331
VEGF,Basal,Activated,24,2.0,121.395477796029
VEGF,Basal,Activated,24,3.0,174.043096999781
VEGF,Basal,Activated,24,4.0,164.693096791806
VEGF,Basal,Activated,48,1.0,194.280076113639
VEGF,Basal,Activated,48,2.0,187.97824114472
VEGF,Basal,Activated,48,3.0,307.571136454513
VEGF,Basal,Activated,48,4.0,301.72848281267
VEGF,Basal,Activated,96,1.0,510.624331660976
VEGF,Basal,Activated,96,2.0,285.714303316551
VEGF,Basal,Activated,96,3.0,238.8864761445
VEGF,Basal,Activated,96,4.0,447.480647611137
VEGF,Basal,None,24,,199.08621706932
VEGF,Basal,None,48,,118.657052758539
VEGF,Basal,None,96,,293.21932374201697
VEGF,Basal,Resting,24,1.0,137.958592965163
VEGF,Basal,Resting,24,2.0,169.535424093475
VEGF,Basal,Resting,24,3.0,154.703740987356
VEGF,Basal,Resting,24,4.0,167.112675660226
VEGF,Basal,Resting,48,1.0,509.476615644857
VEGF,Basal,Resting,48,2.0,394.842681740873
VEGF,Basal,Resting,48,3.0,248.907639399387
VEGF,Basal,Resting,48,4.0,245.682501781619
VEGF,Basal,Resting,96,1.0,603.551359610783
VEGF,Basal,Resting,96,2.0,619.496038488994
VEGF,Basal,Resting,96,3.0,317.819860623176
VEGF,Basal,Resting,96,4.0,321.120492479209
VEGF,Inflammatory,Activated,24,1.0,427.107232542415
VEGF,Inflammatory,Activated,24,2.0,329.569319845973
VEGF,Inflammatory,Activated,24,3.0,202.007429609822
VEGF,Inflammatory,Activated,24,4.0,0.809327846364883
VEGF,Inflammatory,Activated,48,1.0,477.437013483306
VEGF,Inflammatory,Activated,48,2.0,535.9323222593
VEGF,Inflammatory,Activated,48,3.0,209.408557853408
VEGF,Inflammatory,Activated,48,4.0,185.183504060666
VEGF,Inflammatory,Activated,96,1.0,203.063255305635
VEGF,Inflammatory,Activated,96,2.0,658.931369089937
VEGF,Inflammatory,Activated,96,3.0,330.672795888211
VEGF,Inflammatory,Activated,96,4.0,575.256588051173
VEGF,Inflammatory,None,24,,223.41885300493277
VEGF,Inflammatory,None,48,,359.4400120598025
VEGF,Inflammatory,None,96,,395.1456217867155
VEGF,Inflammatory,Resting,24,1.0,209.408557853408
VEGF,Inflammatory,Resting,24,2.0,247.11542699695
VEGF,Inflammatory,Resting,24,3.0,183.089946241964
VEGF,Inflammatory,Resting,24,4.0,214.709636902075
VEGF,Inflammatory,Resting,48,1.0,339.143769388338
VEGF,Inflammatory,Resting,48,2.0,373.95944193534
VEGF,Inflammatory,Resting,48,3.0,355.402177894151
VEGF,Inflammatory,Resting,48,4.0,370.241190778038
VEGF,Inflammatory,Resting,96,1.0,620.27478487953
VEGF,Inflammatory,Resting,96,2.0,613.269258925364
VEGF,Inflammatory,Resting,96,3.0,238.8864761445
VEGF,Inflammatory,Resting,96,4.0,295.896034250501
